fixed acidity,volatile acidity,citric acid,residual sugar,chlorides,free sulfur dioxide,total sulfur dioxide,density,pH,sulphates,alcohol,quality,Id,quality review
7.4,0.7,0.0,1.9,0.076,11.0,34.0,0.9978,3.51,0.56,10.340000000000002,5,0,Bad
7.8,0.88,0.0,2.6,0.098,25.0,67.0,0.9968,3.2,0.68,10.780000000000001,5,1,Bad
7.8,0.76,0.04,2.3,0.092,15.0,54.0,0.997,3.26,0.65,10.780000000000001,5,2,Bad
11.2,0.28,0.56,1.9,0.075,17.0,60.0,0.998,3.16,0.58,10.780000000000001,6,3,Good
7.4,0.7,0.0,1.9,0.076,11.0,34.0,0.9978,3.51,0.56,10.340000000000002,5,4,Bad
7.4,0.66,0.0,1.8,0.075,13.0,40.0,0.9978,3.51,0.56,10.340000000000002,5,5,Bad
7.9,0.6,0.06,1.6,0.069,15.0,59.0,0.9964,3.3,0.46,10.340000000000002,5,6,Bad
7.3,0.65,0.0,1.2,0.065,15.0,21.0,0.9946,3.39,0.47,11.0,7,7,Good
7.8,0.58,0.02,2.0,0.073,9.0,18.0,0.9968,3.36,0.57,10.450000000000001,7,8,Good
6.7,0.58,0.08,1.8,0.0969999999999999,15.0,65.0,0.9959,3.28,0.54,10.12,5,10,Bad
5.6,0.615,0.0,1.6,0.089,16.0,59.0,0.9943,3.58,0.52,10.89,5,12,Bad
7.8,0.61,0.29,1.6,0.114,9.0,29.0,0.9974,3.26,1.56,10.01,5,13,Bad
8.5,0.28,0.56,1.8,0.092,35.0,103.0,0.9969,3.3,0.75,11.55,7,16,Good
7.9,0.32,0.51,1.8,0.341,17.0,56.0,0.9969,3.04,1.08,10.12,6,19,Good
7.6,0.39,0.31,2.3,0.0819999999999999,23.0,71.0,0.9982,3.52,0.65,10.67,5,21,Bad
7.9,0.43,0.21,1.6,0.106,10.0,37.0,0.9966,3.17,0.91,10.450000000000001,5,22,Bad
8.5,0.49,0.11,2.3,0.084,9.0,67.0,0.9968,3.17,0.53,10.340000000000002,5,23,Bad
6.9,0.4,0.14,2.4,0.085,21.0,40.0,0.9968,3.43,0.63,10.67,6,24,Good
6.3,0.39,0.16,1.4,0.08,11.0,23.0,0.9955,3.34,0.56,10.230000000000002,5,25,Bad
7.6,0.41,0.24,1.8,0.08,4.0,11.0,0.9962,3.28,0.59,10.450000000000001,5,26,Bad
7.1,0.71,0.0,1.9,0.08,14.0,35.0,0.9972,3.47,0.55,10.340000000000002,5,28,Bad
7.8,0.645,0.0,2.0,0.0819999999999999,8.0,16.0,0.9964,3.38,0.59,10.780000000000001,6,29,Good
6.7,0.675,0.07,2.4,0.089,17.0,82.0,0.9958,3.35,0.54,11.110000000000001,5,30,Bad
8.3,0.655,0.12,2.3,0.083,15.0,113.0,0.9966,3.17,0.66,10.780000000000001,5,32,Bad
5.2,0.32,0.25,1.8,0.103,13.0,50.0,0.9957,3.38,0.55,10.12,5,34,Bad
7.8,0.645,0.0,5.5,0.086,5.0,18.0,0.9986,3.4,0.55,10.56,6,35,Good
7.8,0.6,0.14,2.4,0.086,3.0,15.0,0.9975,3.42,0.6,11.880000000000003,6,36,Good
8.1,0.38,0.28,2.1,0.066,13.0,30.0,0.9968,3.23,0.73,10.67,7,37,Good
7.3,0.45,0.36,5.9,0.074,12.0,87.0,0.9978,3.33,0.83,11.55,5,40,Bad
8.8,0.61,0.3,2.8,0.088,17.0,46.0,0.9976,3.26,0.51,10.230000000000002,4,41,Bad
7.5,0.49,0.2,2.6,0.332,8.0,14.0,0.9968,3.21,0.9,11.55,6,42,Good
8.1,0.66,0.22,2.2,0.069,9.0,23.0,0.9968,3.3,1.2,11.330000000000002,5,43,Bad
4.6,0.52,0.15,2.1,0.054,8.0,65.0,0.9934,3.9,0.56,14.41,4,45,Bad
7.7,0.935,0.43,2.2,0.114,22.0,114.0,0.997,3.25,0.73,10.12,5,46,Bad
8.8,0.66,0.26,1.7,0.074,4.0,23.0,0.9971,3.15,0.74,10.12,5,50,Bad
6.6,0.52,0.04,2.2,0.069,8.0,15.0,0.9956,3.4,0.63,10.340000000000002,6,51,Good
6.6,0.5,0.04,2.1,0.068,6.0,14.0,0.9955,3.39,0.64,10.340000000000002,6,52,Good
8.6,0.38,0.36,3.0,0.081,30.0,119.0,0.997,3.2,0.56,10.340000000000002,5,53,Bad
7.6,0.51,0.15,2.8,0.11,33.0,73.0,0.9955,3.17,0.63,11.22,6,54,Good
10.2,0.42,0.57,3.4,0.07,4.0,10.0,0.9971,3.04,0.63,10.56,5,56,Bad
7.8,0.59,0.18,2.3,0.076,17.0,54.0,0.9975,3.43,0.59,11.0,5,58,Bad
7.3,0.39,0.31,2.4,0.074,9.0,46.0,0.9962,3.41,0.54,10.340000000000002,6,59,Good
8.8,0.4,0.4,2.2,0.079,19.0,52.0,0.998,3.44,0.64,10.12,5,60,Bad
7.7,0.69,0.49,1.8,0.115,20.0,112.0,0.9968,3.21,0.71,10.230000000000002,5,61,Bad
7.0,0.735,0.05,2.0,0.081,13.0,54.0,0.9966,3.39,0.57,10.780000000000001,5,63,Bad
7.2,0.725,0.05,4.65,0.086,4.0,11.0,0.9962,3.41,0.39,11.990000000000002,5,64,Bad
7.2,0.725,0.05,4.65,0.086,4.0,11.0,0.9962,3.41,0.39,11.990000000000002,5,65,Bad
6.6,0.705,0.07,1.6,0.076,6.0,15.0,0.9962,3.44,0.58,11.77,5,67,Bad
8.0,0.705,0.05,1.9,0.074,8.0,19.0,0.9962,3.34,0.95,11.55,6,69,Good
7.7,0.69,0.22,1.9,0.084,18.0,94.0,0.9961,3.31,0.48,10.450000000000001,5,72,Bad
8.3,0.675,0.26,2.1,0.084,11.0,43.0,0.9976,3.31,0.53,10.12,4,73,Bad
8.8,0.41,0.64,2.2,0.093,9.0,42.0,0.9986,3.54,0.66,11.55,5,76,Bad
6.8,0.785,0.0,2.4,0.104,14.0,30.0,0.9966,3.52,0.55,11.77,6,77,Good
6.7,0.75,0.12,2.0,0.086,12.0,80.0,0.9958,3.38,0.52,11.110000000000001,5,78,Bad
8.3,0.625,0.2,1.5,0.08,27.0,119.0,0.9972,3.16,1.12,10.01,4,79,Bad
6.2,0.45,0.2,1.6,0.069,3.0,15.0,0.9958,3.41,0.56,10.12,5,80,Bad
7.4,0.5,0.47,2.0,0.086,21.0,73.0,0.997,3.36,0.57,10.01,5,82,Bad
6.3,0.3,0.48,1.8,0.069,18.0,61.0,0.9959,3.44,0.78,11.330000000000002,6,84,Good
6.9,0.55,0.15,2.2,0.076,19.0,40.0,0.9961,3.41,0.59,11.110000000000001,5,85,Bad
8.6,0.49,0.28,1.9,0.11,20.0,136.0,0.9972,2.93,1.95,10.89,6,86,Good
7.7,0.49,0.26,1.9,0.062,9.0,31.0,0.9966,3.39,0.64,10.56,5,87,Bad
9.3,0.39,0.44,2.1,0.107,34.0,125.0,0.9978,3.14,1.22,10.450000000000001,5,88,Bad
7.0,0.62,0.08,1.8,0.076,8.0,24.0,0.9978,3.48,0.53,9.9,5,89,Bad
7.9,0.52,0.26,1.9,0.079,42.0,140.0,0.9964,3.23,0.54,10.450000000000001,5,90,Bad
8.6,0.49,0.28,1.9,0.11,20.0,136.0,0.9972,2.93,1.95,10.89,6,91,Good
7.7,0.49,0.26,1.9,0.062,9.0,31.0,0.9966,3.39,0.64,10.56,5,93,Bad
5.0,1.02,0.04,1.4,0.045,41.0,85.0,0.9938,3.75,0.48,11.55,4,94,Bad
6.8,0.775,0.0,3.0,0.102,8.0,23.0,0.9965,3.45,0.56,11.77,5,96,Bad
7.6,0.9,0.06,2.5,0.079,5.0,10.0,0.9967,3.39,0.56,10.780000000000001,5,98,Bad
8.1,0.545,0.18,1.9,0.08,13.0,35.0,0.9972,3.3,0.59,9.9,6,99,Good
8.3,0.61,0.3,2.1,0.084,11.0,50.0,0.9972,3.4,0.61,11.22,6,100,Good
8.1,0.545,0.18,1.9,0.08,13.0,35.0,0.9972,3.3,0.59,9.9,6,102,Good
8.1,0.575,0.22,2.1,0.077,12.0,65.0,0.9967,3.29,0.51,10.12,5,103,Bad
7.2,0.49,0.24,2.2,0.07,5.0,36.0,0.996,3.33,0.48,10.340000000000002,5,104,Bad
8.1,0.575,0.22,2.1,0.077,12.0,65.0,0.9967,3.29,0.51,10.12,5,105,Bad
7.8,0.41,0.68,1.7,0.467,18.0,69.0,0.9973,3.08,1.31,10.230000000000002,5,106,Bad
6.2,0.63,0.31,1.7,0.088,15.0,64.0,0.9969,3.46,0.79,10.230000000000002,5,107,Bad
7.8,0.56,0.19,1.8,0.104,12.0,47.0,0.9964,3.19,0.93,10.450000000000001,5,110,Bad
8.4,0.62,0.09,2.2,0.084,11.0,108.0,0.9964,3.15,0.66,10.780000000000001,5,111,Bad
10.1,0.31,0.44,2.3,0.08,22.0,46.0,0.9988,3.32,0.67,10.67,6,113,Good
7.8,0.56,0.19,1.8,0.104,12.0,47.0,0.9964,3.19,0.93,10.450000000000001,5,114,Bad
9.4,0.4,0.31,2.2,0.09,13.0,62.0,0.9966,3.07,0.63,11.55,6,115,Good
8.3,0.54,0.28,1.9,0.077,11.0,40.0,0.9978,3.39,0.61,11.0,6,116,Good
7.3,1.07,0.09,1.7,0.178,10.0,89.0,0.9962,3.3,0.57,9.9,5,120,Bad
8.8,0.55,0.04,2.2,0.119,14.0,56.0,0.9962,3.21,0.6,11.990000000000002,6,121,Good
7.3,0.695,0.0,2.5,0.075,3.0,13.0,0.998,3.49,0.52,10.12,5,122,Bad
7.8,0.5,0.17,1.6,0.0819999999999999,21.0,102.0,0.996,3.39,0.48,10.450000000000001,5,124,Bad
8.2,1.33,0.0,1.7,0.081,3.0,12.0,0.9964,3.53,0.49,11.990000000000002,5,126,Bad
8.1,1.33,0.0,1.8,0.0819999999999999,3.0,12.0,0.9964,3.54,0.48,11.990000000000002,5,127,Bad
8.0,0.59,0.16,1.8,0.065,3.0,16.0,0.9962,3.42,0.92,11.55,7,128,Good
8.0,0.745,0.56,2.0,0.118,30.0,134.0,0.9968,3.24,0.66,10.340000000000002,5,130,Bad
5.6,0.5,0.09,2.3,0.049,17.0,99.0,0.9937,3.63,0.63,14.3,5,131,Bad
7.9,1.04,0.05,2.2,0.084,13.0,29.0,0.9959,3.22,0.55,10.89,6,134,Good
8.4,0.745,0.11,1.9,0.09,16.0,63.0,0.9965,3.19,0.82,10.56,5,135,Bad
7.2,0.415,0.36,2.0,0.081,13.0,45.0,0.9972,3.48,0.64,10.12,5,137,Bad
8.4,0.745,0.11,1.9,0.09,16.0,63.0,0.9965,3.19,0.82,10.56,5,140,Bad
5.2,0.34,0.0,1.8,0.05,27.0,63.0,0.9916,3.68,0.79,15.400000000000002,6,142,Good
6.3,0.39,0.08,1.7,0.066,3.0,20.0,0.9954,3.34,0.58,10.340000000000002,5,143,Bad
5.2,0.34,0.0,1.8,0.05,27.0,63.0,0.9916,3.68,0.79,15.400000000000002,6,144,Good
8.1,0.67,0.55,1.8,0.1169999999999999,32.0,141.0,0.9968,3.17,0.62,10.340000000000002,5,145,Bad
5.8,0.68,0.02,1.8,0.087,21.0,94.0,0.9944,3.54,0.52,11.0,5,146,Bad
6.9,0.49,0.1,2.3,0.074,12.0,30.0,0.9959,3.42,0.58,11.22,6,148,Good
7.3,0.33,0.47,2.1,0.077,5.0,11.0,0.9958,3.33,0.53,11.330000000000002,6,150,Good
9.2,0.52,1.0,3.4,0.61,32.0,69.0,0.9996,2.74,2.0,10.340000000000002,4,151,Bad
7.5,0.6,0.03,1.8,0.095,25.0,99.0,0.995,3.35,0.54,11.110000000000001,5,152,Bad
7.5,0.6,0.03,1.8,0.095,25.0,99.0,0.995,3.35,0.54,11.110000000000001,5,153,Bad
7.1,0.43,0.42,5.5,0.071,28.0,128.0,0.9973,3.42,0.71,11.55,5,155,Bad
7.1,0.43,0.42,5.5,0.07,29.0,129.0,0.9973,3.42,0.72,11.55,5,156,Bad
7.1,0.43,0.42,5.5,0.071,28.0,128.0,0.9973,3.42,0.71,11.55,5,157,Bad
7.1,0.68,0.0,2.2,0.073,12.0,22.0,0.9969,3.48,0.5,10.230000000000002,5,158,Bad
6.8,0.6,0.18,1.9,0.079,18.0,86.0,0.9968,3.59,0.57,10.230000000000002,6,159,Good
7.6,0.95,0.03,2.0,0.09,7.0,20.0,0.9959,3.2,0.56,10.56,5,160,Bad
7.6,0.68,0.02,1.3,0.072,9.0,20.0,0.9965,3.17,1.08,10.12,4,161,Bad
7.8,0.53,0.04,1.7,0.076,17.0,31.0,0.9964,3.33,0.56,11.0,6,162,Good
7.4,0.6,0.26,7.3,0.07,36.0,121.0,0.9982,3.37,0.49,10.340000000000002,5,163,Bad
7.3,0.59,0.26,7.2,0.07,35.0,121.0,0.9981,3.37,0.49,10.340000000000002,5,164,Bad
7.8,0.63,0.48,1.7,0.1,14.0,96.0,0.9961,3.19,0.62,10.450000000000001,5,165,Bad
6.8,0.64,0.1,2.1,0.085,18.0,101.0,0.9956,3.34,0.52,11.22,5,166,Bad
7.3,0.55,0.03,1.6,0.072,17.0,42.0,0.9956,3.37,0.48,9.9,4,167,Bad
6.8,0.63,0.07,2.1,0.089,11.0,44.0,0.9953,3.47,0.55,11.440000000000001,6,168,Good
7.9,0.885,0.03,1.8,0.0579999999999999,4.0,8.0,0.9972,3.36,0.33,10.01,4,170,Bad
8.0,0.42,0.17,2.0,0.073,6.0,18.0,0.9972,3.29,0.61,10.12,6,172,Good
7.4,0.62,0.05,1.9,0.068,24.0,42.0,0.9961,3.42,0.57,12.65,6,173,Good
6.9,0.5,0.04,1.5,0.085,19.0,49.0,0.9958,3.35,0.78,10.450000000000001,5,175,Bad
7.3,0.38,0.21,2.0,0.08,7.0,35.0,0.9961,3.33,0.47,10.450000000000001,5,176,Bad
7.5,0.52,0.42,2.3,0.087,8.0,38.0,0.9972,3.58,0.61,11.55,6,177,Good
7.0,0.805,0.0,2.5,0.068,7.0,20.0,0.9969,3.48,0.56,10.56,5,178,Bad
8.8,0.61,0.14,2.4,0.067,10.0,42.0,0.9969,3.19,0.59,10.450000000000001,5,179,Bad
8.8,0.61,0.14,2.4,0.067,10.0,42.0,0.9969,3.19,0.59,10.450000000000001,5,180,Bad
8.9,0.61,0.49,2.0,0.27,23.0,110.0,0.9972,3.12,1.02,10.230000000000002,5,181,Bad
7.2,0.73,0.02,2.5,0.076,16.0,42.0,0.9972,3.44,0.52,10.230000000000002,5,182,Bad
6.8,0.61,0.2,1.8,0.077,11.0,65.0,0.9971,3.54,0.58,10.230000000000002,5,183,Bad
6.7,0.62,0.21,1.9,0.079,8.0,62.0,0.997,3.52,0.58,10.230000000000002,6,184,Good
8.9,0.31,0.57,2.0,0.111,26.0,85.0,0.9971,3.26,0.53,10.67,5,185,Bad
7.4,0.39,0.48,2.0,0.0819999999999999,14.0,67.0,0.9972,3.34,0.55,10.12,5,186,Bad
7.9,0.5,0.33,2.0,0.084,15.0,143.0,0.9968,3.2,0.55,10.450000000000001,5,188,Bad
8.2,0.5,0.35,2.9,0.077,21.0,127.0,0.9976,3.23,0.62,10.340000000000002,5,190,Bad
6.4,0.37,0.25,1.9,0.074,21.0,49.0,0.9974,3.57,0.62,10.780000000000001,6,191,Good
7.6,0.55,0.21,2.2,0.071,7.0,28.0,0.9964,3.28,0.55,10.67,5,193,Bad
7.6,0.55,0.21,2.2,0.071,7.0,28.0,0.9964,3.28,0.55,10.67,5,194,Bad
7.3,0.58,0.3,2.4,0.074,15.0,55.0,0.9968,3.46,0.59,11.22,5,196,Bad
11.5,0.3,0.6,2.0,0.067,12.0,27.0,0.9981,3.11,0.97,11.110000000000001,6,197,Good
6.9,1.09,0.06,2.1,0.061,12.0,31.0,0.9948,3.51,0.43,12.540000000000001,4,199,Bad
9.6,0.32,0.47,1.4,0.0559999999999999,9.0,24.0,0.99695,3.22,0.82,11.330000000000002,7,200,Good
7.0,0.43,0.36,1.6,0.089,14.0,37.0,0.99615,3.34,0.56,10.12,6,204,Good
12.8,0.3,0.74,2.6,0.095,9.0,28.0,0.9994,3.2,0.77,11.880000000000003,7,205,Good
12.8,0.3,0.74,2.6,0.095,9.0,28.0,0.9994,3.2,0.77,11.880000000000003,7,206,Good
7.8,0.44,0.28,2.7,0.1,18.0,95.0,0.9966,3.22,0.67,10.340000000000002,5,208,Bad
9.7,0.53,0.6,2.0,0.039,5.0,19.0,0.99585,3.3,0.86,13.640000000000002,6,210,Good
8.0,0.725,0.24,2.8,0.083,10.0,62.0,0.99685,3.35,0.56,11.0,6,211,Good
8.2,0.57,0.26,2.2,0.06,28.0,65.0,0.9959,3.3,0.43,11.110000000000001,5,213,Bad
7.8,0.735,0.08,2.4,0.092,10.0,41.0,0.9974,3.24,0.71,10.780000000000001,6,214,Good
7.0,0.49,0.49,5.6,0.06,26.0,121.0,0.9974,3.34,0.76,11.55,5,215,Bad
8.7,0.625,0.16,2.0,0.1009999999999999,13.0,49.0,0.9962,3.14,0.57,12.100000000000001,5,216,Bad
8.1,0.725,0.22,2.2,0.072,11.0,41.0,0.9967,3.36,0.55,10.01,5,217,Bad
7.5,0.49,0.19,1.9,0.076,10.0,44.0,0.9957,3.39,0.54,10.67,5,218,Bad
7.8,0.34,0.37,2.0,0.0819999999999999,24.0,58.0,0.9964,3.34,0.59,10.340000000000002,6,220,Good
7.4,0.53,0.26,2.0,0.1009999999999999,16.0,72.0,0.9957,3.15,0.57,10.340000000000002,5,221,Bad
6.8,0.61,0.04,1.5,0.057,5.0,10.0,0.99525,3.42,0.6,10.450000000000001,5,222,Bad
8.6,0.645,0.25,2.0,0.083,8.0,28.0,0.99815,3.28,0.6,11.0,6,223,Good
7.7,0.43,0.25,2.6,0.073,29.0,63.0,0.99615,3.37,0.58,11.55,6,225,Good
8.9,0.59,0.5,2.0,0.337,27.0,81.0,0.9964,3.04,1.61,10.450000000000001,6,226,Good
5.2,0.48,0.04,1.6,0.054,19.0,106.0,0.9927,3.54,0.62,13.42,7,230,Good
8.0,0.38,0.06,1.8,0.078,12.0,49.0,0.99625,3.37,0.52,10.89,6,231,Good
8.5,0.37,0.2,2.8,0.09,18.0,58.0,0.998,3.34,0.7,10.56,6,232,Good
8.2,1.0,0.09,2.3,0.065,7.0,37.0,0.99685,3.32,0.55,9.9,6,234,Good
7.2,0.63,0.0,1.9,0.0969999999999999,14.0,38.0,0.99675,3.37,0.58,9.9,6,235,Good
8.9,0.635,0.37,1.7,0.263,5.0,62.0,0.9971,3.0,1.09,10.230000000000002,5,240,Bad
12.0,0.38,0.56,2.1,0.093,6.0,24.0,0.99925,3.14,0.71,11.990000000000002,6,241,Good
7.7,0.58,0.1,1.8,0.102,28.0,109.0,0.99565,3.08,0.49,10.780000000000001,6,242,Good
15.0,0.21,0.44,2.2,0.075,10.0,24.0,1.00005,3.07,0.84,10.12,7,243,Good
15.0,0.21,0.44,2.2,0.075,10.0,24.0,1.00005,3.07,0.84,10.12,7,244,Good
7.3,0.66,0.0,2.0,0.084,6.0,23.0,0.9983,3.61,0.96,10.89,6,245,Good
7.1,0.68,0.07,1.9,0.075,16.0,51.0,0.99685,3.38,0.52,10.450000000000001,5,246,Bad
7.3,0.66,0.0,2.0,0.084,6.0,23.0,0.9983,3.61,0.96,10.89,6,249,Good
10.8,0.32,0.44,1.6,0.063,16.0,37.0,0.9985,3.22,0.78,11.0,6,250,Good
7.1,0.6,0.0,1.8,0.074,16.0,34.0,0.9972,3.47,0.7,10.89,6,251,Good
11.1,0.35,0.48,3.1,0.09,5.0,21.0,0.9986,3.17,0.53,11.55,5,252,Bad
7.7,0.775,0.42,1.9,0.092,8.0,86.0,0.9959,3.23,0.59,10.450000000000001,5,253,Bad
8.0,0.57,0.23,3.2,0.073,17.0,119.0,0.99675,3.26,0.57,10.230000000000002,5,255,Bad
9.4,0.34,0.37,2.2,0.075,5.0,13.0,0.998,3.22,0.62,10.12,5,256,Bad
6.6,0.695,0.0,2.1,0.075,12.0,56.0,0.9968,3.49,0.67,10.12,5,257,Bad
7.7,0.41,0.76,1.8,0.611,8.0,45.0,0.9968,3.06,1.26,10.340000000000002,5,258,Bad
10.0,0.31,0.47,2.6,0.085,14.0,33.0,0.99965,3.36,0.8,11.55,7,259,Good
7.9,0.33,0.23,1.7,0.077,18.0,45.0,0.99625,3.29,0.65,10.230000000000002,5,260,Bad
7.0,0.975,0.04,2.0,0.087,12.0,67.0,0.99565,3.35,0.6,10.340000000000002,4,261,Bad
8.0,0.52,0.03,1.7,0.07,10.0,35.0,0.99575,3.34,0.57,11.0,5,262,Bad
7.9,0.37,0.23,1.8,0.077,23.0,49.0,0.9963,3.28,0.67,10.230000000000002,5,263,Bad
12.5,0.56,0.49,2.4,0.064,5.0,27.0,0.9999,3.08,0.87,11.990000000000002,5,264,Bad
8.1,0.87,0.0,3.3,0.096,26.0,61.0,1.00025,3.6,0.72,10.780000000000001,4,266,Bad
7.9,0.35,0.46,3.6,0.078,15.0,37.0,0.9973,3.35,0.86,14.080000000000002,8,267,Good
6.9,0.54,0.04,3.0,0.077,7.0,27.0,0.9987,3.69,0.91,10.340000000000002,6,268,Good
11.5,0.18,0.51,4.0,0.104,4.0,23.0,0.9996,3.28,0.97,11.110000000000001,6,269,Good
7.9,0.545,0.06,4.0,0.087,27.0,61.0,0.9965,3.36,0.67,11.77,6,270,Good
7.9,0.545,0.06,4.0,0.087,27.0,61.0,0.9965,3.36,0.67,11.77,6,275,Good
6.9,0.54,0.04,3.0,0.077,7.0,27.0,0.9987,3.69,0.91,10.340000000000002,6,276,Good
11.5,0.18,0.51,4.0,0.104,4.0,23.0,0.9996,3.28,0.97,11.110000000000001,6,277,Good
10.3,0.32,0.45,6.4,0.073,5.0,13.0,0.9976,3.23,0.82,13.860000000000001,8,278,Good
8.9,0.4,0.32,5.6,0.087,10.0,47.0,0.9991,3.38,0.77,11.55,7,279,Good
11.4,0.26,0.44,3.6,0.071,6.0,19.0,0.9986,3.12,0.82,10.230000000000002,6,280,Good
7.7,0.27,0.68,3.5,0.358,5.0,10.0,0.9972,3.25,1.08,10.89,7,281,Good
8.9,0.4,0.32,5.6,0.087,10.0,47.0,0.9991,3.38,0.77,11.55,7,283,Good
9.9,0.59,0.07,3.4,0.102,32.0,71.0,1.00015,3.31,0.71,10.780000000000001,5,284,Bad
9.9,0.59,0.07,3.4,0.102,32.0,71.0,1.00015,3.31,0.71,10.780000000000001,5,285,Bad
12.0,0.45,0.55,2.0,0.073,25.0,49.0,0.9997,3.1,0.76,11.330000000000002,6,286,Good
7.5,0.4,0.12,3.0,0.092,29.0,53.0,0.9967,3.37,0.7,11.330000000000002,6,287,Good
8.7,0.52,0.09,2.5,0.091,20.0,49.0,0.9976,3.34,0.86,11.66,7,288,Good
11.6,0.42,0.53,3.3,0.105,33.0,98.0,1.001,3.2,0.95,10.12,5,289,Bad
8.7,0.52,0.09,2.5,0.091,20.0,49.0,0.9976,3.34,0.86,11.66,7,290,Good
10.4,0.55,0.23,2.7,0.091,18.0,48.0,0.9994,3.22,0.64,11.330000000000002,6,292,Good
6.9,0.36,0.25,2.4,0.098,5.0,16.0,0.9964,3.41,0.6,11.110000000000001,6,293,Good
13.3,0.34,0.52,3.2,0.094,17.0,53.0,1.0014,3.05,0.81,10.450000000000001,6,294,Good
10.8,0.5,0.46,2.5,0.073,5.0,27.0,1.0001,3.05,0.64,10.450000000000001,5,295,Bad
10.6,0.83,0.37,2.6,0.086,26.0,70.0,0.9981,3.16,0.52,10.89,5,296,Bad
7.1,0.63,0.06,2.0,0.083,8.0,29.0,0.99855,3.67,0.73,10.56,5,297,Bad
7.2,0.65,0.02,2.3,0.094,5.0,31.0,0.9993,3.67,0.8,10.67,5,298,Bad
7.5,0.53,0.06,2.6,0.086,20.0,44.0,0.9965,3.38,0.59,11.77,6,300,Good
11.1,0.18,0.48,1.5,0.068,7.0,15.0,0.9973,3.22,0.64,11.110000000000001,6,301,Good
8.3,0.705,0.12,2.6,0.092,12.0,28.0,0.9994,3.51,0.72,11.0,5,302,Bad
8.4,0.65,0.6,2.1,0.1119999999999999,12.0,90.0,0.9973,3.2,0.52,10.12,5,304,Bad
7.6,0.62,0.32,2.2,0.0819999999999999,7.0,54.0,0.9966,3.36,0.52,10.340000000000002,5,306,Bad
10.3,0.41,0.42,2.4,0.213,6.0,14.0,0.9994,3.19,0.62,10.450000000000001,6,307,Good
10.3,0.43,0.44,2.4,0.214,5.0,12.0,0.9994,3.19,0.63,10.450000000000001,6,308,Good
7.9,0.53,0.24,2.0,0.072,15.0,105.0,0.996,3.27,0.54,10.340000000000002,6,311,Good
9.0,0.46,0.31,2.8,0.093,19.0,98.0,0.99815,3.32,0.63,10.450000000000001,6,312,Good
8.6,0.47,0.3,3.0,0.076,30.0,135.0,0.9976,3.3,0.53,10.340000000000002,5,313,Bad
7.4,0.36,0.29,2.6,0.087,26.0,72.0,0.99645,3.39,0.68,12.100000000000001,5,314,Bad
9.8,0.66,0.39,3.2,0.083,21.0,59.0,0.9989,3.37,0.71,12.65,7,318,Good
9.6,0.77,0.12,2.9,0.0819999999999999,30.0,74.0,0.99865,3.3,0.64,11.440000000000001,6,319,Good
9.3,0.61,0.26,3.4,0.09,25.0,87.0,0.99975,3.24,0.62,10.67,5,321,Bad
10.0,0.49,0.2,11.0,0.071,13.0,50.0,1.0015,3.16,0.69,10.12,6,324,Good
10.0,0.49,0.2,11.0,0.071,13.0,50.0,1.0015,3.16,0.69,10.12,6,325,Good
11.6,0.53,0.66,3.65,0.121,6.0,14.0,0.9978,3.05,0.74,12.65,7,326,Good
10.3,0.44,0.5,4.5,0.107,5.0,13.0,0.998,3.28,0.83,12.65,5,327,Bad
13.4,0.27,0.62,2.6,0.0819999999999999,6.0,21.0,1.0002,3.16,0.67,10.67,6,328,Good
8.4,0.56,0.08,2.1,0.105,16.0,44.0,0.9958,3.13,0.52,12.100000000000001,5,333,Bad
7.9,0.65,0.01,2.5,0.078,17.0,38.0,0.9963,3.34,0.74,12.870000000000001,7,334,Good
11.9,0.695,0.53,3.4,0.128,7.0,21.0,0.9992,3.17,0.84,13.42,7,335,Good
8.9,0.43,0.45,1.9,0.052,6.0,16.0,0.9948,3.35,0.7,13.750000000000002,6,336,Good
7.8,0.43,0.32,2.8,0.08,29.0,58.0,0.9974,3.31,0.64,11.330000000000002,5,337,Bad
12.5,0.28,0.54,2.3,0.0819999999999999,12.0,29.0,0.9997,3.11,1.36,10.780000000000001,7,339,Good
10.9,0.39,0.47,1.8,0.118,6.0,14.0,0.9982,3.3,0.75,10.780000000000001,6,342,Good
10.9,0.39,0.47,1.8,0.118,6.0,14.0,0.9982,3.3,0.75,10.780000000000001,6,343,Good
11.9,0.57,0.5,2.6,0.0819999999999999,6.0,32.0,1.0006,3.12,0.78,11.77,6,344,Good
13.8,0.49,0.67,3.0,0.093,6.0,15.0,0.9986,3.02,0.93,13.200000000000001,6,347,Good
9.6,0.56,0.31,2.8,0.089,15.0,46.0,0.9979,3.11,0.92,11.0,6,348,Good
9.1,0.795,0.0,2.6,0.096,11.0,26.0,0.9994,3.35,0.83,10.340000000000002,6,351,Good
7.7,0.665,0.0,2.4,0.09,8.0,19.0,0.9974,3.27,0.73,10.230000000000002,5,352,Bad
13.5,0.53,0.79,4.8,0.12,23.0,77.0,1.0018,3.18,0.77,14.3,5,353,Bad
6.1,0.21,0.4,1.4,0.066,40.5,165.0,0.9912,3.25,0.59,13.090000000000002,6,354,Good
6.7,0.75,0.01,2.4,0.078,17.0,32.0,0.9955,3.55,0.61,14.080000000000002,6,355,Good
11.5,0.41,0.52,3.0,0.08,29.0,55.0,1.0001,3.26,0.88,12.100000000000001,5,356,Bad
10.5,0.42,0.66,2.95,0.1159999999999999,12.0,29.0,0.997,3.24,0.75,12.870000000000001,7,357,Good
11.9,0.43,0.66,3.1,0.109,10.0,23.0,1.0,3.15,0.85,11.440000000000001,7,358,Good
12.6,0.38,0.66,2.6,0.088,10.0,41.0,1.001,3.17,0.68,10.780000000000001,6,359,Good
8.2,0.7,0.23,2.0,0.099,14.0,81.0,0.9973,3.19,0.7,10.340000000000002,5,360,Bad
8.6,0.45,0.31,2.6,0.086,21.0,50.0,0.9982,3.37,0.91,10.89,6,361,Good
11.9,0.58,0.66,2.5,0.072,6.0,37.0,0.9992,3.05,0.56,11.0,5,362,Bad
12.5,0.46,0.63,2.0,0.071,6.0,15.0,0.9988,2.99,0.87,11.22,5,363,Bad
12.8,0.615,0.66,5.8,0.083,7.0,42.0,1.0022,3.07,0.73,11.0,7,364,Good
12.8,0.615,0.66,5.8,0.083,7.0,42.0,1.0022,3.07,0.73,11.0,7,366,Good
10.4,0.575,0.61,2.6,0.076,11.0,24.0,1.0,3.16,0.69,9.9,5,367,Bad
9.4,0.27,0.53,2.4,0.074,6.0,18.0,0.9962,3.2,1.13,13.200000000000001,7,369,Good
7.9,0.24,0.4,1.6,0.0559999999999999,11.0,25.0,0.9967,3.32,0.87,9.57,6,371,Good
9.1,0.28,0.48,1.8,0.067,26.0,46.0,0.9967,3.32,1.04,11.66,6,372,Good
11.5,0.45,0.5,3.0,0.078,19.0,47.0,1.0003,3.26,1.11,12.100000000000001,6,376,Good
9.4,0.27,0.53,2.4,0.074,6.0,18.0,0.9962,3.2,1.13,13.200000000000001,7,377,Good
11.4,0.625,0.66,6.2,0.088,6.0,24.0,0.9988,3.11,0.99,14.630000000000003,6,378,Good
8.3,0.26,0.42,2.0,0.08,11.0,27.0,0.9974,3.21,0.8,10.340000000000002,6,380,Good
7.7,0.51,0.28,2.1,0.087,23.0,54.0,0.998,3.42,0.74,10.12,5,384,Bad
7.8,0.46,0.26,1.9,0.088,23.0,53.0,0.9981,3.43,0.74,10.12,6,388,Good
5.6,0.85,0.05,1.4,0.045,12.0,88.0,0.9924,3.56,0.82,14.190000000000001,8,390,Good
13.7,0.415,0.68,2.9,0.085,17.0,43.0,1.0014,3.06,0.8,11.0,6,391,Good
9.5,0.37,0.52,2.0,0.0819999999999999,6.0,26.0,0.998,3.18,0.51,10.450000000000001,5,392,Bad
12.0,0.37,0.76,4.2,0.066,7.0,38.0,1.0004,3.22,0.6,14.3,7,395,Good
6.6,0.735,0.02,7.9,0.122,68.0,124.0,0.9994,3.47,0.53,10.89,5,396,Bad
11.5,0.59,0.59,2.6,0.087,13.0,49.0,0.9988,3.18,0.65,12.100000000000001,6,397,Good
8.7,0.765,0.22,2.3,0.064,9.0,42.0,0.9963,3.1,0.55,10.340000000000002,5,399,Bad
6.6,0.735,0.02,7.9,0.122,68.0,124.0,0.9994,3.47,0.53,10.89,5,400,Bad
12.2,0.48,0.54,2.6,0.085,19.0,64.0,1.0,3.1,0.61,11.55,6,402,Good
11.4,0.6,0.49,2.7,0.085,10.0,41.0,0.9994,3.15,0.63,11.55,6,403,Good
7.7,0.69,0.05,2.7,0.075,15.0,27.0,0.9974,3.26,0.61,10.01,5,404,Bad
9.8,0.44,0.47,2.5,0.063,9.0,28.0,0.9981,3.24,0.65,11.880000000000003,6,406,Good
12.0,0.39,0.66,3.0,0.093,12.0,30.0,0.9996,3.18,0.63,11.880000000000003,7,407,Good
12.5,0.46,0.49,4.5,0.07,26.0,49.0,0.9981,3.05,0.57,10.56,4,409,Bad
9.0,0.43,0.34,2.5,0.08,26.0,86.0,0.9987,3.38,0.62,10.450000000000001,6,410,Good
7.1,0.735,0.16,1.9,0.1,15.0,77.0,0.9966,3.27,0.64,10.230000000000002,5,412,Bad
9.9,0.4,0.53,6.7,0.0969999999999999,6.0,19.0,0.9986,3.27,0.82,12.870000000000001,7,413,Good
8.8,0.52,0.34,2.7,0.087,24.0,122.0,0.9982,3.26,0.61,10.450000000000001,5,414,Bad
8.6,0.725,0.24,6.6,0.1169999999999999,31.0,134.0,1.0014,3.32,1.07,10.230000000000002,5,415,Bad
10.6,0.48,0.64,2.2,0.111,6.0,20.0,0.997,3.26,0.66,12.870000000000001,6,416,Good
7.0,0.58,0.12,1.9,0.091,34.0,124.0,0.9956,3.44,0.48,11.55,5,417,Bad
11.9,0.38,0.51,2.0,0.121,7.0,20.0,0.9996,3.24,0.76,11.440000000000001,6,418,Good
6.8,0.77,0.0,1.8,0.066,34.0,52.0,0.9976,3.62,0.68,10.89,5,419,Bad
6.6,0.84,0.03,2.3,0.059,32.0,48.0,0.9952,3.52,0.56,13.530000000000001,7,421,Good
7.7,0.96,0.2,2.0,0.047,15.0,60.0,0.9955,3.36,0.44,11.990000000000002,5,422,Bad
10.5,0.24,0.47,2.1,0.066,6.0,24.0,0.9978,3.15,0.9,12.100000000000001,7,423,Good
6.6,0.84,0.03,2.3,0.059,32.0,48.0,0.9952,3.52,0.56,13.530000000000001,7,425,Good
6.4,0.67,0.08,2.1,0.045,19.0,48.0,0.9949,3.49,0.49,12.540000000000001,6,426,Good
9.5,0.78,0.22,1.9,0.077,6.0,32.0,0.9988,3.26,0.56,11.66,6,427,Good
9.1,0.52,0.33,1.3,0.07,9.0,30.0,0.9978,3.24,0.6,10.230000000000002,5,428,Bad
12.8,0.84,0.63,2.4,0.088,13.0,35.0,0.9997,3.1,0.6,11.440000000000001,6,429,Good
10.5,0.24,0.47,2.1,0.066,6.0,24.0,0.9978,3.15,0.9,12.100000000000001,7,430,Good
7.8,0.55,0.35,2.2,0.074,21.0,66.0,0.9974,3.25,0.56,10.12,5,431,Bad
12.3,0.39,0.63,2.3,0.091,6.0,18.0,1.0004,3.16,0.49,10.450000000000001,5,433,Bad
10.4,0.41,0.55,3.2,0.076,22.0,54.0,0.9996,3.15,0.89,10.89,6,434,Good
12.3,0.39,0.63,2.3,0.091,6.0,18.0,1.0004,3.16,0.49,10.450000000000001,5,435,Bad
8.0,0.67,0.3,2.0,0.06,38.0,62.0,0.9958,3.26,0.56,11.22,6,436,Good
11.1,0.45,0.73,3.2,0.066,6.0,22.0,0.9986,3.17,0.66,12.32,6,437,Good
7.0,0.62,0.18,1.5,0.062,7.0,50.0,0.9951,3.08,0.6,10.230000000000002,5,439,Bad
12.6,0.31,0.72,2.2,0.072,6.0,29.0,0.9987,2.88,0.82,10.780000000000001,8,440,Good
15.6,0.685,0.76,3.7,0.1,6.0,43.0,1.0032,2.95,0.68,12.32,7,442,Good
5.3,0.57,0.01,1.7,0.054,5.0,27.0,0.9934,3.57,0.84,13.750000000000002,7,444,Good
12.5,0.38,0.6,2.6,0.081,31.0,72.0,0.9996,3.1,0.73,11.55,5,446,Bad
9.3,0.48,0.29,2.1,0.127,6.0,16.0,0.9968,3.22,0.72,12.32,5,447,Bad
8.6,0.53,0.22,2.0,0.1,7.0,27.0,0.9967,3.2,0.56,11.22,6,448,Good
11.9,0.39,0.69,2.8,0.095,17.0,35.0,0.9994,3.1,0.61,11.880000000000003,6,449,Good
11.9,0.39,0.69,2.8,0.095,17.0,35.0,0.9994,3.1,0.61,11.880000000000003,6,450,Good
6.8,0.56,0.03,1.7,0.084,18.0,35.0,0.9968,3.44,0.63,11.0,6,452,Good
10.4,0.33,0.63,2.8,0.084,5.0,22.0,0.9998,3.26,0.74,12.32,7,453,Good
7.0,0.23,0.4,1.6,0.063,21.0,67.0,0.9952,3.5,0.63,12.21,5,454,Bad
11.3,0.62,0.67,5.2,0.086,6.0,19.0,0.9988,3.22,0.69,14.740000000000002,8,455,Good
8.9,0.59,0.39,2.3,0.095,5.0,22.0,0.9986,3.37,0.58,11.330000000000002,5,456,Bad
9.2,0.63,0.21,2.7,0.0969999999999999,29.0,65.0,0.9988,3.28,0.58,10.56,5,457,Bad
11.6,0.58,0.66,2.2,0.074,10.0,47.0,1.0008,3.25,0.57,9.9,3,459,Bad
9.2,0.43,0.52,2.3,0.083,14.0,23.0,0.9976,3.35,0.61,12.430000000000001,6,460,Good
8.3,0.615,0.22,2.6,0.087,6.0,19.0,0.9982,3.26,0.61,10.230000000000002,5,461,Bad
11.5,0.315,0.54,2.1,0.084,5.0,15.0,0.9987,2.98,0.7,10.12,6,464,Good
10.3,0.5,0.42,2.0,0.069,21.0,51.0,0.9982,3.16,0.72,12.65,6,466,Good
8.8,0.46,0.45,2.6,0.065,7.0,18.0,0.9947,3.32,0.79,15.400000000000002,6,467,Good
11.4,0.36,0.69,2.1,0.09,6.0,21.0,1.0,3.17,0.62,10.12,6,468,Good
8.7,0.82,0.02,1.2,0.07,36.0,48.0,0.9952,3.2,0.58,10.780000000000001,5,469,Bad
13.0,0.32,0.65,2.6,0.093,15.0,47.0,0.9996,3.05,0.61,11.66,5,470,Bad
9.6,0.54,0.42,2.4,0.081,25.0,52.0,0.997,3.2,0.71,12.540000000000001,6,471,Good
12.5,0.37,0.55,2.6,0.083,25.0,68.0,0.9995,3.15,0.82,11.440000000000001,6,472,Good
9.6,0.68,0.24,2.2,0.087,5.0,28.0,0.9988,3.14,0.6,11.22,5,475,Bad
9.3,0.27,0.41,2.0,0.091,6.0,16.0,0.998,3.28,0.7,10.67,5,476,Bad
10.4,0.24,0.49,1.8,0.075,6.0,20.0,0.9977,3.18,1.06,12.100000000000001,6,477,Good
9.4,0.685,0.11,2.7,0.077,6.0,31.0,0.9984,3.19,0.7,11.110000000000001,6,479,Good
10.6,0.28,0.39,15.5,0.069,6.0,23.0,1.0026,3.12,0.66,10.12,5,480,Bad
9.4,0.3,0.56,2.8,0.08,6.0,17.0,0.9964,3.15,0.92,12.870000000000001,8,481,Good
10.6,0.36,0.6,2.2,0.152,7.0,18.0,0.9986,3.04,1.06,10.340000000000002,5,483,Bad
10.2,0.67,0.39,1.9,0.054,6.0,17.0,0.9976,3.17,0.47,11.0,5,485,Bad
10.2,0.645,0.36,1.8,0.053,5.0,14.0,0.9982,3.17,0.42,11.0,6,487,Good
9.3,0.39,0.4,2.6,0.073,10.0,26.0,0.9984,3.34,0.75,11.22,6,489,Good
9.2,0.41,0.5,2.5,0.055,12.0,25.0,0.9952,3.34,0.79,14.630000000000003,7,491,Good
8.9,0.4,0.51,2.6,0.052,13.0,27.0,0.995,3.32,0.9,14.740000000000002,7,492,Good
8.7,0.69,0.31,3.0,0.086,23.0,81.0,1.0002,3.48,0.74,12.76,6,493,Good
6.5,0.39,0.23,8.3,0.051,28.0,91.0,0.9952,3.44,0.55,13.31,6,494,Good
10.7,0.35,0.53,2.6,0.07,5.0,16.0,0.9972,3.15,0.65,12.100000000000001,8,495,Good
7.8,0.52,0.25,1.9,0.081,14.0,38.0,0.9984,3.43,0.65,9.9,6,496,Good
7.2,0.34,0.32,2.5,0.09,43.0,113.0,0.9966,3.32,0.79,12.21,5,497,Bad
10.7,0.35,0.53,2.6,0.07,5.0,16.0,0.9972,3.15,0.65,12.100000000000001,8,498,Good
8.7,0.69,0.31,3.0,0.086,23.0,81.0,1.0002,3.48,0.74,12.76,6,499,Good
7.8,0.52,0.25,1.9,0.081,14.0,38.0,0.9984,3.43,0.65,9.9,6,500,Good
10.4,0.44,0.73,6.55,0.074,38.0,76.0,0.999,3.17,0.85,13.200000000000001,7,501,Good
10.4,0.44,0.73,6.55,0.074,38.0,76.0,0.999,3.17,0.85,13.200000000000001,7,502,Good
10.5,0.24,0.42,1.8,0.077,6.0,22.0,0.9976,3.21,1.05,11.880000000000003,7,504,Good
10.2,0.49,0.63,2.9,0.072,10.0,26.0,0.9968,3.16,0.78,13.750000000000002,7,505,Good
10.4,0.24,0.46,1.8,0.075,6.0,21.0,0.9976,3.25,1.02,11.880000000000003,7,506,Good
11.2,0.67,0.55,2.3,0.084,6.0,13.0,1.0,3.17,0.71,10.450000000000001,6,507,Good
13.3,0.29,0.75,2.8,0.084,23.0,43.0,0.9986,3.04,0.68,12.540000000000001,7,509,Good
10.0,0.59,0.31,2.2,0.09,26.0,62.0,0.9994,3.18,0.63,11.22,6,511,Good
10.7,0.4,0.48,2.1,0.125,15.0,49.0,0.998,3.03,0.81,10.67,6,512,Good
10.5,0.51,0.64,2.4,0.107,6.0,15.0,0.9973,3.09,0.66,12.980000000000002,7,513,Good
10.5,0.51,0.64,2.4,0.107,6.0,15.0,0.9973,3.09,0.66,12.980000000000002,7,514,Good
8.5,0.655,0.49,6.1,0.122,34.0,151.0,1.001,3.31,1.14,10.230000000000002,5,515,Bad
12.5,0.6,0.49,4.3,0.1,5.0,14.0,1.001,3.25,0.74,13.090000000000002,6,516,Good
10.4,0.61,0.49,2.1,0.2,5.0,16.0,0.9994,3.16,0.63,9.240000000000002,3,517,Bad
9.8,0.25,0.49,2.7,0.088,15.0,33.0,0.9982,3.42,0.9,11.0,6,520,Good
9.3,0.4,0.49,2.5,0.085,38.0,142.0,0.9978,3.22,0.55,10.340000000000002,5,523,Bad
9.2,0.43,0.49,2.4,0.086,23.0,116.0,0.9976,3.23,0.64,10.450000000000001,5,524,Bad
7.0,0.38,0.49,2.5,0.0969999999999999,33.0,85.0,0.9962,3.39,0.77,12.540000000000001,6,527,Good
9.9,0.63,0.24,2.4,0.077,6.0,33.0,0.9974,3.09,0.57,10.340000000000002,5,529,Bad
9.1,0.22,0.24,2.1,0.078,1.0,28.0,0.999,3.41,0.87,11.330000000000002,6,530,Good
11.9,0.38,0.49,2.7,0.098,12.0,42.0,1.0004,3.16,0.61,11.330000000000002,5,531,Bad
11.9,0.38,0.49,2.7,0.098,12.0,42.0,1.0004,3.16,0.61,11.330000000000002,5,532,Bad
10.3,0.27,0.24,2.1,0.072,15.0,33.0,0.9956,3.22,0.66,14.080000000000002,6,533,Good
10.0,0.48,0.24,2.7,0.102,13.0,32.0,1.0,3.28,0.56,11.0,6,534,Good
9.1,0.22,0.24,2.1,0.078,1.0,28.0,0.999,3.41,0.87,11.330000000000002,6,535,Good
9.9,0.63,0.24,2.4,0.077,6.0,33.0,0.9974,3.09,0.57,10.340000000000002,5,536,Bad
8.1,0.825,0.24,2.1,0.084,5.0,13.0,0.9972,3.37,0.77,11.77,6,537,Good
12.9,0.35,0.49,5.8,0.066,5.0,35.0,1.0014,3.2,0.66,13.200000000000001,7,538,Good
11.2,0.5,0.74,5.15,0.1,5.0,17.0,0.9996,3.22,0.62,12.32,5,539,Bad
9.2,0.59,0.24,3.3,0.1009999999999999,20.0,47.0,0.9988,3.26,0.67,10.56,5,540,Bad
9.5,0.46,0.49,6.3,0.064,5.0,17.0,0.9988,3.21,0.73,12.100000000000001,6,541,Good
9.3,0.715,0.24,2.1,0.07,5.0,20.0,0.9966,3.12,0.59,10.89,5,542,Bad
11.2,0.66,0.24,2.5,0.085,16.0,53.0,0.9993,3.06,0.72,12.100000000000001,6,543,Good
14.3,0.31,0.74,1.8,0.075,6.0,15.0,1.0008,2.86,0.79,9.240000000000002,6,544,Good
9.1,0.47,0.49,2.6,0.094,38.0,106.0,0.9982,3.08,0.59,10.01,5,545,Bad
7.5,0.55,0.24,2.0,0.078,10.0,28.0,0.9983,3.45,0.78,10.450000000000001,6,546,Good
10.6,0.31,0.49,2.5,0.067,6.0,21.0,0.9987,3.26,0.86,11.77,6,547,Good
12.4,0.35,0.49,2.6,0.079,27.0,69.0,0.9994,3.12,0.75,11.440000000000001,6,548,Good
6.8,0.51,0.01,2.1,0.074,9.0,25.0,0.9958,3.33,0.56,10.450000000000001,6,550,Good
9.4,0.43,0.24,2.8,0.092,14.0,45.0,0.998,3.19,0.73,11.0,6,551,Good
9.5,0.46,0.24,2.7,0.092,14.0,44.0,0.998,3.12,0.74,11.0,6,552,Good
5.0,1.04,0.24,1.6,0.05,32.0,96.0,0.9934,3.74,0.62,12.65,5,553,Bad
15.5,0.645,0.49,4.2,0.095,10.0,23.0,1.00315,2.92,0.74,12.21,5,554,Bad
10.9,0.53,0.49,4.6,0.118,10.0,17.0,1.0002,3.07,0.56,12.870000000000001,6,556,Good
15.6,0.645,0.49,4.2,0.095,10.0,23.0,1.00315,2.92,0.74,12.21,5,557,Bad
13.0,0.47,0.49,4.3,0.085,6.0,47.0,1.0021,3.3,0.68,13.97,6,559,Good
12.7,0.6,0.49,2.8,0.075,5.0,19.0,0.9994,3.14,0.57,12.540000000000001,5,560,Bad
9.0,0.54,0.49,2.9,0.094,41.0,110.0,0.9982,3.08,0.61,10.12,5,562,Bad
7.6,0.29,0.49,2.7,0.092,25.0,60.0,0.9971,3.31,0.61,11.110000000000001,6,563,Good
13.0,0.47,0.49,4.3,0.085,6.0,47.0,1.0021,3.3,0.68,13.97,6,564,Good
12.7,0.6,0.49,2.8,0.075,5.0,19.0,0.9994,3.14,0.57,12.540000000000001,5,565,Bad
8.7,0.7,0.24,2.5,0.226,5.0,15.0,0.9991,3.32,0.6,9.9,6,567,Good
9.8,0.5,0.49,2.6,0.25,5.0,20.0,0.999,3.31,0.79,11.77,6,568,Good
6.2,0.36,0.24,2.2,0.095,19.0,42.0,0.9946,3.57,0.57,12.870000000000001,6,569,Good
11.5,0.35,0.49,3.3,0.07,10.0,37.0,1.0003,3.32,0.91,12.100000000000001,6,570,Good
10.2,0.24,0.49,2.4,0.075,10.0,28.0,0.9978,3.14,0.61,11.440000000000001,5,572,Bad
9.9,0.5,0.24,2.3,0.103,6.0,14.0,0.9978,3.34,0.52,11.0,4,576,Bad
8.8,0.44,0.49,2.8,0.083,18.0,111.0,0.9982,3.3,0.6,10.450000000000001,5,577,Bad
8.8,0.47,0.49,2.9,0.085,17.0,110.0,0.9982,3.29,0.6,10.780000000000001,5,578,Bad
10.6,0.31,0.49,2.2,0.063,18.0,40.0,0.9976,3.14,0.51,10.780000000000001,6,579,Good
12.3,0.5,0.49,2.2,0.089,5.0,14.0,1.0002,3.19,0.44,10.56,5,580,Bad
12.3,0.5,0.49,2.2,0.089,5.0,14.0,1.0002,3.19,0.44,10.56,5,581,Bad
12.0,0.28,0.49,1.9,0.074,10.0,21.0,0.9976,2.98,0.66,10.89,7,583,Good
7.3,0.73,0.24,1.9,0.108,18.0,102.0,0.9967,3.26,0.59,10.230000000000002,5,587,Bad
5.0,0.42,0.24,2.0,0.06,19.0,50.0,0.9917,3.72,0.74,15.400000000000002,8,588,Good
9.0,0.45,0.49,2.6,0.084,21.0,75.0,0.9987,3.35,0.57,10.67,5,590,Bad
6.6,0.39,0.49,1.7,0.07,23.0,149.0,0.9922,3.12,0.5,12.65,6,591,Good
9.0,0.45,0.49,2.6,0.084,21.0,75.0,0.9987,3.35,0.57,10.67,5,592,Bad
9.9,0.49,0.58,3.5,0.094,9.0,43.0,1.0004,3.29,0.58,9.9,5,593,Bad
8.9,0.595,0.41,7.9,0.086,30.0,109.0,0.9998,3.27,0.57,10.230000000000002,5,595,Bad
12.4,0.4,0.51,2.0,0.059,6.0,24.0,0.9994,3.04,0.6,10.230000000000002,6,596,Good
8.5,0.585,0.18,2.1,0.078,5.0,30.0,0.9967,3.2,0.48,10.780000000000001,6,598,Good
7.7,0.835,0.0,2.6,0.081,6.0,14.0,0.9975,3.3,0.52,10.230000000000002,5,602,Bad
8.3,0.58,0.13,2.9,0.096,14.0,63.0,0.9984,3.17,0.62,10.01,6,604,Good
8.8,0.48,0.41,3.3,0.092,26.0,52.0,0.9982,3.31,0.53,11.55,6,607,Good
10.1,0.65,0.37,5.1,0.11,11.0,65.0,1.0026,3.32,0.64,11.440000000000001,6,608,Good
6.3,0.36,0.19,3.2,0.075,15.0,39.0,0.9956,3.56,0.52,13.97,6,609,Good
8.8,0.24,0.54,2.5,0.083,25.0,57.0,0.9983,3.39,0.54,10.12,5,610,Bad
13.2,0.38,0.55,2.7,0.081,5.0,16.0,1.0006,2.98,0.54,10.340000000000002,5,611,Bad
7.5,0.64,0.0,2.4,0.077,18.0,29.0,0.9965,3.32,0.6,11.0,6,612,Good
9.6,0.6,0.5,2.3,0.079,28.0,71.0,0.9997,3.5,0.57,10.67,5,616,Bad
11.5,0.31,0.51,2.2,0.079,14.0,28.0,0.9982,3.03,0.93,10.780000000000001,6,617,Good
11.3,0.37,0.41,2.3,0.088,6.0,16.0,0.9988,3.09,0.8,10.230000000000002,5,619,Bad
8.3,0.54,0.24,3.4,0.076,16.0,112.0,0.9976,3.27,0.61,10.340000000000002,5,620,Bad
8.2,0.56,0.23,3.4,0.078,14.0,104.0,0.9976,3.28,0.62,10.340000000000002,5,621,Bad
10.0,0.58,0.22,1.9,0.08,9.0,32.0,0.9974,3.13,0.55,10.450000000000001,5,622,Bad
6.8,0.69,0.0,5.6,0.124,21.0,58.0,0.9997,3.46,0.72,11.22,5,625,Bad
8.8,0.6,0.29,2.2,0.098,5.0,15.0,0.9988,3.36,0.49,10.01,5,626,Bad
8.8,0.6,0.29,2.2,0.098,5.0,15.0,0.9988,3.36,0.49,10.01,5,627,Bad
8.7,0.54,0.26,2.5,0.0969999999999999,7.0,31.0,0.9976,3.27,0.6,10.230000000000002,6,628,Good
7.6,0.685,0.23,2.3,0.111,20.0,84.0,0.9964,3.21,0.61,10.230000000000002,5,629,Bad
8.7,0.54,0.26,2.5,0.0969999999999999,7.0,31.0,0.9976,3.27,0.6,10.230000000000002,6,630,Good
10.4,0.28,0.54,2.7,0.105,5.0,19.0,0.9988,3.25,0.63,10.450000000000001,5,631,Bad
7.6,0.41,0.14,3.0,0.087,21.0,43.0,0.9964,3.32,0.57,11.55,6,632,Good
10.1,0.935,0.22,3.4,0.105,11.0,86.0,1.001,3.43,0.64,12.430000000000001,4,633,Bad
7.9,0.35,0.21,1.9,0.073,46.0,102.0,0.9964,3.27,0.58,10.450000000000001,5,634,Bad
8.7,0.84,0.0,1.4,0.065,24.0,33.0,0.9954,3.27,0.55,10.67,5,635,Bad
9.6,0.88,0.28,2.4,0.086,30.0,147.0,0.9979,3.24,0.53,10.340000000000002,5,636,Bad
9.5,0.885,0.27,2.3,0.084,31.0,145.0,0.9978,3.24,0.53,10.340000000000002,5,637,Bad
8.9,0.29,0.35,1.9,0.067,25.0,57.0,0.997,3.18,1.36,11.330000000000002,6,639,Good
9.9,0.54,0.45,2.3,0.071,16.0,40.0,0.9991,3.39,0.62,10.340000000000002,5,640,Bad
9.9,0.54,0.45,2.3,0.071,16.0,40.0,0.9991,3.39,0.62,10.340000000000002,5,642,Bad
9.9,0.54,0.45,2.3,0.071,16.0,40.0,0.9991,3.39,0.62,10.340000000000002,5,644,Bad
8.3,0.845,0.01,2.2,0.07,5.0,14.0,0.9967,3.32,0.58,12.100000000000001,4,647,Bad
8.7,0.48,0.3,2.8,0.066,10.0,28.0,0.9964,3.33,0.67,12.32,7,648,Good
6.7,0.42,0.27,8.6,0.068,24.0,148.0,0.9948,3.16,0.57,12.430000000000001,6,649,Good
10.7,0.43,0.39,2.2,0.106,8.0,32.0,0.9986,2.89,0.5,10.56,5,650,Bad
15.9,0.36,0.65,7.5,0.096,22.0,71.0,0.9976,2.98,0.84,16.39,5,652,Bad
9.4,0.33,0.59,2.8,0.079,9.0,30.0,0.9976,3.12,0.54,13.200000000000001,6,653,Good
8.6,0.47,0.47,2.4,0.074,7.0,29.0,0.9979,3.08,0.46,10.450000000000001,5,654,Bad
9.7,0.55,0.17,2.9,0.087,20.0,53.0,1.0004,3.14,0.61,10.340000000000002,5,655,Bad
10.7,0.43,0.39,2.2,0.106,8.0,32.0,0.9986,2.89,0.5,10.56,5,656,Bad
12.0,0.5,0.59,1.4,0.073,23.0,42.0,0.998,2.92,0.68,11.55,7,657,Good
7.2,0.52,0.07,1.4,0.074,5.0,20.0,0.9973,3.32,0.81,10.56,6,658,Good
7.2,0.52,0.07,1.4,0.074,5.0,20.0,0.9973,3.32,0.81,10.56,6,660,Good
7.5,0.42,0.31,1.6,0.08,15.0,42.0,0.9978,3.31,0.64,9.9,5,661,Bad
7.2,0.57,0.06,1.6,0.076,9.0,27.0,0.9972,3.36,0.7,10.56,6,662,Good
9.4,0.59,0.14,2.0,0.084,25.0,48.0,0.9981,3.14,0.56,10.67,5,665,Bad
8.3,0.49,0.36,1.8,0.222,6.0,16.0,0.998,3.18,0.6,10.450000000000001,6,666,Good
11.3,0.34,0.45,2.0,0.0819999999999999,6.0,15.0,0.9988,2.94,0.66,10.12,6,667,Good
11.3,0.34,0.45,2.0,0.0819999999999999,6.0,15.0,0.9988,2.94,0.66,10.12,6,669,Good
8.2,0.73,0.21,1.7,0.074,5.0,13.0,0.9968,3.2,0.52,10.450000000000001,5,671,Bad
8.2,0.73,0.21,1.7,0.074,5.0,13.0,0.9968,3.2,0.52,10.450000000000001,5,673,Bad
10.8,0.4,0.41,2.2,0.084,7.0,17.0,0.9984,3.08,0.67,10.230000000000002,6,676,Good
8.6,0.8,0.11,2.3,0.084,12.0,31.0,0.9979,3.4,0.48,10.89,5,677,Bad
8.3,0.78,0.1,2.6,0.081,45.0,87.0,0.9983,3.48,0.53,11.0,5,678,Bad
10.8,0.26,0.45,3.3,0.06,20.0,49.0,0.9972,3.13,0.54,10.56,5,679,Bad
8.0,0.45,0.23,2.2,0.094,16.0,29.0,0.9962,3.21,0.49,11.22,6,681,Good
8.5,0.46,0.31,2.25,0.078,32.0,58.0,0.998,3.33,0.54,10.780000000000001,5,682,Bad
8.1,0.78,0.23,2.6,0.059,5.0,15.0,0.997,3.37,0.56,12.430000000000001,5,683,Bad
9.8,0.98,0.32,2.3,0.078,35.0,152.0,0.998,3.25,0.48,10.340000000000002,5,684,Bad
8.1,0.78,0.23,2.6,0.059,5.0,15.0,0.997,3.37,0.56,12.430000000000001,5,685,Bad
7.7,0.66,0.04,1.6,0.039,4.0,9.0,0.9962,3.4,0.47,10.340000000000002,5,688,Bad
8.1,0.38,0.48,1.8,0.157,5.0,17.0,0.9976,3.3,1.05,10.340000000000002,5,689,Bad
9.2,0.92,0.24,2.6,0.087,12.0,93.0,0.9998,3.48,0.54,10.780000000000001,5,691,Bad
8.6,0.49,0.51,2.0,0.422,16.0,62.0,0.9979,3.03,1.17,9.9,5,692,Bad
9.0,0.48,0.32,2.8,0.084,21.0,122.0,0.9984,3.32,0.62,10.340000000000002,5,693,Bad
9.0,0.47,0.31,2.7,0.084,24.0,125.0,0.9984,3.31,0.61,10.340000000000002,5,694,Bad
5.1,0.47,0.02,1.3,0.034,18.0,44.0,0.9921,3.9,0.62,14.080000000000002,6,695,Good
7.0,0.65,0.02,2.1,0.066,8.0,25.0,0.9972,3.47,0.67,10.450000000000001,6,697,Good
9.4,0.615,0.28,3.2,0.087,18.0,72.0,1.0001,3.31,0.53,10.67,5,698,Bad
11.8,0.38,0.55,2.1,0.071,5.0,19.0,0.9986,3.11,0.62,11.880000000000003,6,699,Good
10.6,1.02,0.43,2.9,0.076,26.0,88.0,0.9984,3.08,0.57,11.110000000000001,6,700,Good
7.0,0.65,0.02,2.1,0.066,8.0,25.0,0.9972,3.47,0.67,10.450000000000001,6,701,Good
7.0,0.64,0.02,2.1,0.067,9.0,23.0,0.997,3.47,0.67,10.340000000000002,6,702,Good
7.5,0.38,0.48,2.6,0.073,22.0,84.0,0.9972,3.32,0.7,10.56,4,703,Bad
9.1,0.765,0.04,1.6,0.078,4.0,14.0,0.998,3.29,0.54,10.67,4,704,Bad
8.4,1.035,0.15,6.0,0.073,11.0,54.0,0.999,3.37,0.49,10.89,5,705,Bad
7.0,0.78,0.08,2.0,0.093,10.0,19.0,0.9956,3.4,0.47,11.0,5,706,Bad
7.4,0.49,0.19,3.0,0.077,16.0,37.0,0.9966,3.37,0.51,11.55,5,707,Bad
7.8,0.545,0.12,2.5,0.068,11.0,35.0,0.996,3.34,0.61,12.76,6,708,Good
10.6,1.025,0.43,2.8,0.08,21.0,84.0,0.9985,3.06,0.57,11.110000000000001,5,710,Bad
8.9,0.565,0.34,3.0,0.093,16.0,112.0,0.9998,3.38,0.61,10.450000000000001,5,711,Bad
9.9,0.74,0.28,2.6,0.078,21.0,77.0,0.998,3.28,0.51,10.780000000000001,5,714,Bad
7.6,0.46,0.11,2.6,0.079,12.0,49.0,0.9968,3.21,0.57,11.0,5,717,Bad
8.4,0.56,0.04,2.0,0.0819999999999999,10.0,22.0,0.9976,3.22,0.44,10.56,5,718,Bad
7.1,0.66,0.0,3.9,0.086,17.0,45.0,0.9976,3.46,0.54,10.450000000000001,5,719,Bad
8.4,0.56,0.04,2.0,0.0819999999999999,10.0,22.0,0.9976,3.22,0.44,10.56,5,720,Bad
8.9,0.48,0.24,2.85,0.094,35.0,106.0,0.9982,3.1,0.53,10.12,5,721,Bad
7.1,0.31,0.3,2.2,0.053,36.0,127.0,0.9965,2.94,1.62,10.450000000000001,5,723,Bad
9.0,0.66,0.17,3.0,0.077,5.0,13.0,0.9976,3.29,0.55,11.440000000000001,5,725,Bad
8.1,0.72,0.09,2.8,0.084,18.0,49.0,0.9994,3.43,0.72,12.21,6,726,Good
6.4,0.57,0.02,1.8,0.067,4.0,11.0,0.997,3.46,0.68,10.450000000000001,5,727,Bad
6.4,0.57,0.02,1.8,0.067,4.0,11.0,0.997,3.46,0.68,10.450000000000001,5,728,Bad
6.4,0.865,0.03,3.2,0.071,27.0,58.0,0.995,3.61,0.49,13.97,6,729,Good
9.5,0.55,0.66,2.3,0.387,12.0,37.0,0.9982,3.17,0.67,10.56,5,730,Bad
8.9,0.875,0.13,3.45,0.088,4.0,14.0,0.9994,3.44,0.52,12.65,5,731,Bad
7.3,0.835,0.03,2.1,0.092,10.0,19.0,0.9966,3.39,0.47,10.56,5,732,Bad
7.0,0.45,0.34,2.7,0.0819999999999999,16.0,72.0,0.998,3.55,0.6,10.450000000000001,5,733,Bad
7.7,0.56,0.2,2.0,0.075,9.0,39.0,0.9987,3.48,0.62,10.230000000000002,5,734,Bad
7.7,0.965,0.1,2.1,0.1119999999999999,11.0,22.0,0.9963,3.26,0.5,10.450000000000001,5,736,Bad
8.2,0.59,0.0,2.5,0.093,19.0,58.0,1.0002,3.5,0.65,10.230000000000002,6,737,Good
9.0,0.69,0.0,2.4,0.088,19.0,38.0,0.999,3.35,0.6,10.230000000000002,5,739,Bad
8.3,0.76,0.29,4.2,0.075,12.0,16.0,0.9965,3.45,0.68,12.65,6,740,Good
9.2,0.53,0.24,2.6,0.078,28.0,139.0,0.99788,3.21,0.57,10.450000000000001,5,741,Bad
11.1,0.39,0.54,2.7,0.095,21.0,101.0,1.0001,3.13,0.51,10.450000000000001,5,744,Bad
7.3,0.51,0.18,2.1,0.07,12.0,28.0,0.99768,3.52,0.73,10.450000000000001,6,745,Good
8.2,0.34,0.38,2.5,0.08,12.0,57.0,0.9978,3.3,0.47,9.9,6,746,Good
7.2,0.5,0.18,2.1,0.071,12.0,31.0,0.99761,3.52,0.72,10.56,6,748,Good
7.3,0.51,0.18,2.1,0.07,12.0,28.0,0.99768,3.52,0.73,10.450000000000001,6,749,Good
8.3,0.65,0.1,2.9,0.089,17.0,40.0,0.99803,3.29,0.55,10.450000000000001,5,750,Bad
7.6,0.54,0.13,2.5,0.0969999999999999,24.0,66.0,0.99785,3.39,0.61,10.340000000000002,5,752,Bad
8.3,0.65,0.1,2.9,0.089,17.0,40.0,0.99803,3.29,0.55,10.450000000000001,5,753,Bad
7.8,0.48,0.68,1.7,0.415,14.0,32.0,0.99656,3.09,1.06,10.01,6,754,Good
7.8,0.91,0.07,1.9,0.0579999999999999,22.0,47.0,0.99525,3.51,0.43,11.77,6,755,Good
6.3,0.98,0.01,2.0,0.057,15.0,33.0,0.99488,3.6,0.46,12.32,6,756,Good
8.1,0.87,0.0,2.2,0.084,10.0,31.0,0.99656,3.25,0.5,10.780000000000001,5,757,Bad
8.1,0.87,0.0,2.2,0.084,10.0,31.0,0.99656,3.25,0.5,10.780000000000001,5,758,Bad
8.8,0.42,0.21,2.5,0.092,33.0,88.0,0.99823,3.19,0.52,10.12,5,759,Bad
9.0,0.58,0.25,2.8,0.075,9.0,104.0,0.99779,3.23,0.57,10.67,5,760,Bad
9.3,0.655,0.26,2.0,0.096,5.0,35.0,0.99738,3.25,0.42,10.56,5,761,Bad
8.8,0.7,0.0,1.7,0.069,8.0,19.0,0.99701,3.31,0.53,11.0,6,762,Good
9.1,0.68,0.11,2.8,0.093,11.0,44.0,0.99888,3.31,0.55,10.450000000000001,6,764,Good
9.2,0.67,0.1,3.0,0.091,12.0,48.0,0.99888,3.31,0.54,10.450000000000001,6,765,Good
8.8,0.59,0.18,2.9,0.089,12.0,74.0,0.99738,3.14,0.54,10.340000000000002,5,766,Bad
7.1,0.59,0.02,2.3,0.0819999999999999,24.0,94.0,0.99744,3.55,0.53,10.67,6,768,Good
7.9,0.72,0.01,1.9,0.076,7.0,32.0,0.99668,3.39,0.54,10.56,5,769,Bad
7.1,0.59,0.02,2.3,0.0819999999999999,24.0,94.0,0.99744,3.55,0.53,10.67,6,770,Good
9.4,0.685,0.26,2.4,0.0819999999999999,23.0,143.0,0.9978,3.28,0.55,10.340000000000002,5,771,Bad
9.5,0.57,0.27,2.3,0.0819999999999999,23.0,144.0,0.99782,3.27,0.55,10.340000000000002,5,772,Bad
7.9,0.4,0.29,1.8,0.157,1.0,44.0,0.9973,3.3,0.92,10.450000000000001,6,773,Good
7.2,1.0,0.0,3.0,0.102,7.0,16.0,0.99586,3.43,0.46,11.0,5,775,Bad
6.9,0.635,0.17,2.4,0.241,6.0,18.0,0.9961,3.4,0.59,11.330000000000002,6,777,Good
8.3,0.43,0.3,3.4,0.079,7.0,34.0,0.99788,3.36,0.61,11.55,5,778,Bad
7.1,0.52,0.03,2.6,0.076,21.0,92.0,0.99745,3.5,0.6,10.780000000000001,5,779,Bad
7.0,0.57,0.0,2.0,0.19,12.0,45.0,0.99676,3.31,0.6,10.340000000000002,6,780,Good
6.5,0.46,0.14,2.4,0.114,9.0,37.0,0.99732,3.66,0.65,10.780000000000001,5,781,Bad
7.1,0.59,0.01,2.5,0.077,20.0,85.0,0.99746,3.55,0.59,10.780000000000001,5,784,Bad
9.9,0.35,0.41,2.3,0.083,11.0,61.0,0.9982,3.21,0.5,10.450000000000001,5,785,Bad
10.0,0.56,0.24,2.2,0.079,19.0,58.0,0.9991,3.18,0.56,11.110000000000001,6,787,Good
10.0,0.56,0.24,2.2,0.079,19.0,58.0,0.9991,3.18,0.56,11.110000000000001,6,788,Good
8.6,0.63,0.17,2.9,0.099,21.0,119.0,0.998,3.09,0.52,10.230000000000002,5,789,Bad
7.4,0.37,0.43,2.6,0.0819999999999999,18.0,82.0,0.99708,3.33,0.68,10.67,6,790,Good
8.8,0.64,0.17,2.9,0.084,25.0,130.0,0.99818,3.23,0.54,10.56,5,791,Bad
7.1,0.61,0.02,2.5,0.081,17.0,87.0,0.99745,3.48,0.6,10.67,6,792,Good
7.7,0.6,0.0,2.6,0.055,7.0,13.0,0.99639,3.38,0.56,11.880000000000003,5,793,Bad
10.1,0.27,0.54,2.3,0.065,7.0,26.0,0.99531,3.17,0.53,13.750000000000002,6,794,Good
10.8,0.89,0.3,2.6,0.132,7.0,60.0,0.99786,2.99,1.18,11.22,5,795,Bad
8.7,0.46,0.31,2.5,0.126,24.0,64.0,0.99746,3.1,0.74,10.56,5,796,Bad
9.3,0.37,0.44,1.6,0.038,21.0,42.0,0.99526,3.24,0.81,11.880000000000003,7,797,Good
9.4,0.5,0.34,3.6,0.0819999999999999,5.0,14.0,0.9987,3.29,0.52,11.77,6,799,Good
8.6,0.55,0.09,3.3,0.068,8.0,17.0,0.99735,3.23,0.44,11.0,5,801,Bad
5.1,0.585,0.0,1.7,0.044,14.0,86.0,0.99264,3.56,0.94,14.190000000000001,7,802,Good
7.7,0.56,0.08,2.5,0.114,14.0,46.0,0.9971,3.24,0.66,10.56,6,803,Good
8.4,0.52,0.22,2.7,0.084,4.0,18.0,0.99682,3.26,0.57,10.89,6,804,Good
8.4,0.25,0.39,2.0,0.0409999999999999,4.0,10.0,0.99386,3.27,0.71,13.750000000000002,7,806,Good
7.4,0.53,0.12,1.9,0.165,4.0,12.0,0.99702,3.26,0.86,10.12,5,808,Bad
7.6,0.48,0.31,2.8,0.07,4.0,15.0,0.99693,3.22,0.55,11.330000000000002,6,809,Good
7.3,0.49,0.1,2.6,0.068,4.0,14.0,0.99562,3.3,0.47,11.55,5,810,Bad
12.9,0.5,0.55,2.8,0.072,7.0,24.0,1.00012,3.09,0.68,11.990000000000002,6,811,Good
6.9,0.39,0.24,2.1,0.102,4.0,7.0,0.99462,3.44,0.58,12.540000000000001,4,813,Bad
12.6,0.41,0.54,2.8,0.103,19.0,41.0,0.99939,3.21,0.76,12.430000000000001,6,814,Good
9.1,0.66,0.15,3.2,0.0969999999999999,9.0,59.0,0.99976,3.28,0.54,10.56,5,819,Bad
7.0,0.685,0.0,1.9,0.099,9.0,22.0,0.99606,3.34,0.6,10.67,5,820,Bad
4.9,0.42,0.0,2.1,0.048,16.0,42.0,0.99154,3.71,0.74,15.400000000000002,7,821,Good
6.7,0.54,0.13,2.0,0.076,15.0,36.0,0.9973,3.61,0.64,10.780000000000001,5,823,Bad
7.1,0.48,0.28,2.8,0.068,6.0,16.0,0.99682,3.24,0.53,11.330000000000002,5,824,Bad
7.5,0.27,0.34,2.3,0.05,4.0,8.0,0.9951,3.4,0.64,12.100000000000001,7,826,Good
7.1,0.46,0.14,2.8,0.076,15.0,37.0,0.99624,3.36,0.49,11.77,5,827,Bad
7.5,0.685,0.07,2.5,0.0579999999999999,5.0,9.0,0.99632,3.38,0.55,11.990000000000002,4,830,Bad
5.9,0.61,0.08,2.1,0.071,16.0,24.0,0.99376,3.56,0.77,12.21,6,831,Good
11.6,0.47,0.44,1.6,0.147,36.0,51.0,0.99836,3.38,0.86,10.89,4,833,Bad
6.7,0.28,0.28,2.4,0.012,36.0,100.0,0.99064,3.26,0.39,12.870000000000001,7,836,Good
6.7,0.28,0.28,2.4,0.012,36.0,100.0,0.99064,3.26,0.39,12.870000000000001,7,837,Good
10.1,0.31,0.35,1.6,0.075,9.0,28.0,0.99672,3.24,0.83,12.32,7,838,Good
6.6,0.66,0.0,3.0,0.115,21.0,31.0,0.99629,3.45,0.63,11.330000000000002,5,841,Bad
10.6,0.5,0.45,2.6,0.119,34.0,68.0,0.99708,3.23,0.72,11.990000000000002,6,842,Good
7.1,0.685,0.35,2.0,0.088,9.0,92.0,0.9963,3.28,0.62,10.340000000000002,5,843,Bad
6.4,0.64,0.21,1.8,0.081,14.0,31.0,0.99689,3.59,0.66,10.780000000000001,5,846,Bad
7.4,0.68,0.16,1.8,0.078,12.0,39.0,0.9977,3.5,0.7,10.89,6,847,Good
6.4,0.64,0.21,1.8,0.081,14.0,31.0,0.99689,3.59,0.66,10.780000000000001,5,848,Bad
9.3,0.43,0.44,1.9,0.085,9.0,22.0,0.99708,3.28,0.55,10.450000000000001,5,850,Bad
9.3,0.43,0.44,1.9,0.085,9.0,22.0,0.99708,3.28,0.55,10.450000000000001,5,851,Bad
9.3,0.36,0.39,1.5,0.08,41.0,55.0,0.99652,3.47,0.73,11.990000000000002,6,853,Good
9.3,0.36,0.39,1.5,0.08,41.0,55.0,0.99652,3.47,0.73,11.990000000000002,6,854,Good
9.3,0.36,0.39,1.5,0.08,41.0,55.0,0.99652,3.47,0.73,11.990000000000002,6,856,Good
8.2,0.26,0.34,2.5,0.073,16.0,47.0,0.99594,3.4,0.78,12.430000000000001,7,857,Good
11.7,0.28,0.47,1.7,0.054,17.0,32.0,0.99686,3.15,0.67,11.66,7,858,Good
7.2,0.62,0.06,2.7,0.077,15.0,85.0,0.99746,3.51,0.54,10.450000000000001,5,860,Bad
7.5,0.42,0.32,2.7,0.067,7.0,25.0,0.99628,3.24,0.44,11.440000000000001,5,862,Bad
7.2,0.62,0.06,2.5,0.078,17.0,84.0,0.99746,3.51,0.53,10.67,5,863,Bad
7.2,0.635,0.07,2.6,0.077,16.0,86.0,0.99748,3.51,0.54,10.67,5,865,Bad
6.9,0.56,0.03,1.5,0.086,36.0,46.0,0.99522,3.53,0.57,11.66,5,871,Bad
7.3,0.35,0.24,2.0,0.067,28.0,48.0,0.99576,3.43,0.54,11.0,4,872,Bad
8.8,0.31,0.4,2.8,0.109,7.0,16.0,0.99614,3.31,0.79,12.980000000000002,7,875,Good
7.7,0.715,0.01,2.1,0.064,31.0,43.0,0.99371,3.41,0.57,12.980000000000002,6,877,Good
7.6,0.715,0.0,2.1,0.068,30.0,35.0,0.99533,3.48,0.65,12.540000000000001,6,881,Good
8.4,0.31,0.29,3.1,0.1939999999999999,14.0,26.0,0.99536,3.22,0.78,13.200000000000001,6,882,Good
8.8,0.61,0.19,4.0,0.094,30.0,69.0,0.99787,3.22,0.5,11.0,6,884,Good
8.9,0.75,0.14,2.5,0.086,9.0,30.0,0.99824,3.34,0.64,11.55,5,885,Bad
9.0,0.8,0.12,2.4,0.083,8.0,28.0,0.99836,3.33,0.65,11.440000000000001,6,886,Good
6.8,0.57,0.0,2.5,0.072,32.0,64.0,0.99491,3.43,0.56,12.32,6,888,Good
10.7,0.9,0.34,6.6,0.1119999999999999,23.0,99.0,1.00289,3.22,0.68,10.230000000000002,5,889,Bad
7.2,0.66,0.03,2.3,0.078,16.0,86.0,0.99743,3.53,0.57,10.67,5,891,Bad
10.1,0.45,0.23,1.9,0.0819999999999999,10.0,18.0,0.99774,3.22,0.65,10.230000000000002,6,892,Good
7.2,0.66,0.03,2.3,0.078,16.0,86.0,0.99743,3.53,0.57,10.67,5,893,Bad
7.2,0.63,0.03,2.2,0.08,17.0,88.0,0.99745,3.53,0.58,10.780000000000001,6,894,Good
7.1,0.59,0.01,2.3,0.08,27.0,43.0,0.9955,3.42,0.58,11.77,6,895,Good
8.3,0.31,0.39,2.4,0.078,17.0,43.0,0.99444,3.31,0.77,13.750000000000002,7,896,Good
7.1,0.59,0.01,2.3,0.08,27.0,43.0,0.9955,3.42,0.58,11.77,6,897,Good
8.3,0.31,0.39,2.4,0.078,17.0,43.0,0.99444,3.31,0.77,13.750000000000002,7,898,Good
8.9,0.31,0.36,2.6,0.0559999999999999,10.0,39.0,0.99562,3.4,0.69,12.980000000000002,5,900,Bad
7.4,0.635,0.1,2.4,0.08,16.0,33.0,0.99736,3.58,0.69,11.880000000000003,7,901,Good
7.4,0.635,0.1,2.4,0.08,16.0,33.0,0.99736,3.58,0.69,11.880000000000003,7,902,Good
6.8,0.59,0.06,6.0,0.06,11.0,18.0,0.9962,3.41,0.59,11.880000000000003,7,904,Good
7.2,0.54,0.27,2.6,0.084,12.0,78.0,0.9964,3.39,0.71,12.100000000000001,5,906,Bad
6.1,0.56,0.0,2.2,0.079,6.0,9.0,0.9948,3.59,0.54,12.65,6,907,Good
7.4,0.52,0.13,2.4,0.078,34.0,61.0,0.99528,3.43,0.59,11.880000000000003,6,908,Good
9.3,0.38,0.48,3.8,0.132,3.0,11.0,0.99577,3.23,0.57,14.52,6,910,Good
9.1,0.28,0.46,9.0,0.114,3.0,9.0,0.99901,3.18,0.6,11.990000000000002,6,911,Good
10.0,0.46,0.44,2.9,0.065,4.0,8.0,0.99674,3.33,0.62,13.42,6,912,Good
8.6,0.315,0.4,2.2,0.079,3.0,6.0,0.99512,3.27,0.67,13.090000000000002,6,915,Good
5.3,0.715,0.19,1.5,0.161,7.0,62.0,0.99395,3.62,0.61,12.100000000000001,5,916,Bad
6.8,0.41,0.31,8.8,0.084,26.0,45.0,0.99824,3.38,0.64,11.110000000000001,6,917,Good
8.4,0.36,0.32,2.2,0.081,32.0,79.0,0.9964,3.3,0.72,12.100000000000001,6,918,Good
8.4,0.62,0.12,1.8,0.072,38.0,46.0,0.99504,3.38,0.89,12.980000000000002,6,919,Good
9.6,0.41,0.37,2.3,0.091,10.0,23.0,0.99786,3.24,0.56,11.55,5,920,Bad
8.4,0.62,0.12,1.8,0.072,38.0,46.0,0.99504,3.38,0.89,12.980000000000002,6,922,Good
8.6,0.47,0.27,2.3,0.055,14.0,28.0,0.99516,3.18,0.8,12.32,5,924,Bad
8.6,0.22,0.36,1.9,0.064,53.0,77.0,0.99604,3.47,0.87,12.100000000000001,7,925,Good
9.4,0.24,0.33,2.3,0.061,52.0,73.0,0.99786,3.47,0.9,11.22,6,926,Good
8.4,0.67,0.19,2.2,0.093,11.0,75.0,0.99736,3.2,0.59,10.12,4,927,Bad
8.6,0.47,0.27,2.3,0.055,14.0,28.0,0.99516,3.18,0.8,12.32,5,928,Bad
8.7,0.33,0.38,3.3,0.063,10.0,19.0,0.99468,3.3,0.73,13.200000000000001,7,929,Good
7.4,0.61,0.01,2.0,0.074,13.0,38.0,0.99748,3.48,0.65,10.780000000000001,5,931,Bad
7.6,0.4,0.29,1.9,0.078,29.0,66.0,0.9971,3.45,0.59,10.450000000000001,6,932,Good
6.6,0.61,0.01,1.9,0.08,8.0,25.0,0.99746,3.69,0.73,11.55,5,934,Bad
8.8,0.3,0.38,2.3,0.06,19.0,72.0,0.99543,3.39,0.72,12.980000000000002,6,936,Good
6.2,0.46,0.17,1.6,0.073,7.0,11.0,0.99425,3.61,0.54,12.540000000000001,5,939,Bad
9.9,0.27,0.49,5.0,0.0819999999999999,9.0,17.0,0.99484,3.19,0.52,13.750000000000002,7,941,Good
10.1,0.43,0.4,2.6,0.092,13.0,52.0,0.99834,3.22,0.64,11.0,7,942,Good
8.3,0.3,0.49,3.8,0.09,11.0,24.0,0.99498,3.27,0.64,13.31,7,944,Good
10.2,0.44,0.58,4.1,0.092,11.0,24.0,0.99745,3.29,0.99,13.200000000000001,7,946,Good
8.3,0.28,0.48,2.1,0.093,6.0,12.0,0.99408,3.26,0.62,13.640000000000002,7,947,Good
8.9,0.12,0.45,1.8,0.075,10.0,21.0,0.99552,3.41,0.76,13.090000000000002,7,949,Good
8.9,0.12,0.45,1.8,0.075,10.0,21.0,0.99552,3.41,0.76,13.090000000000002,7,950,Good
8.3,0.28,0.48,2.1,0.093,6.0,12.0,0.99408,3.26,0.62,13.640000000000002,7,951,Good
8.2,0.31,0.4,2.2,0.0579999999999999,6.0,10.0,0.99536,3.31,0.68,12.32,7,952,Good
10.2,0.34,0.48,2.1,0.052,5.0,9.0,0.99458,3.2,0.69,13.31,7,953,Good
8.5,0.21,0.52,1.9,0.09,9.0,23.0,0.99648,3.36,0.67,11.440000000000001,5,955,Bad
9.0,0.36,0.52,2.1,0.111,5.0,10.0,0.99568,3.31,0.62,12.430000000000001,6,956,Good
6.4,0.57,0.12,2.3,0.12,25.0,36.0,0.99519,3.47,0.71,12.430000000000001,7,958,Good
8.5,0.47,0.27,1.9,0.0579999999999999,18.0,38.0,0.99518,3.16,0.85,12.21,6,960,Good
7.1,0.56,0.14,1.6,0.078,7.0,18.0,0.99592,3.27,0.62,10.230000000000002,5,961,Bad
6.6,0.57,0.02,2.1,0.115,6.0,16.0,0.99654,3.38,0.69,10.450000000000001,5,962,Bad
8.5,0.47,0.27,1.9,0.0579999999999999,18.0,38.0,0.99518,3.16,0.85,12.21,6,964,Good
8.5,0.66,0.2,2.1,0.0969999999999999,23.0,113.0,0.99733,3.13,0.48,10.12,5,967,Bad
9.0,0.4,0.43,2.4,0.068,29.0,46.0,0.9943,3.2,0.6,13.42,6,968,Good
10.4,0.26,0.48,1.9,0.066,6.0,10.0,0.99724,3.33,0.87,11.990000000000002,6,971,Good
8.8,0.33,0.41,5.9,0.073,7.0,13.0,0.99658,3.3,0.62,13.31,7,974,Good
7.2,0.41,0.3,2.1,0.083,35.0,72.0,0.997,3.44,0.52,10.340000000000002,5,975,Bad
8.4,0.59,0.29,2.6,0.109,31.0,119.0,0.99801,3.15,0.5,10.01,5,977,Bad
7.0,0.4,0.32,3.6,0.061,9.0,29.0,0.99416,3.28,0.49,12.430000000000001,7,978,Good
9.1,0.5,0.3,1.9,0.065,8.0,17.0,0.99774,3.32,0.71,11.55,6,980,Good
9.5,0.86,0.26,1.9,0.079,13.0,28.0,0.99712,3.25,0.62,11.0,5,981,Bad
7.3,0.52,0.32,2.1,0.07,51.0,70.0,0.99418,3.34,0.82,14.190000000000001,6,982,Good
9.1,0.5,0.3,1.9,0.065,8.0,17.0,0.99774,3.32,0.71,11.55,6,983,Good
7.4,0.58,0.0,2.0,0.064,7.0,11.0,0.99562,3.45,0.58,12.430000000000001,6,985,Good
7.1,0.36,0.3,1.6,0.08,35.0,70.0,0.99693,3.44,0.5,10.340000000000002,5,987,Bad
7.7,0.39,0.12,1.7,0.0969999999999999,19.0,27.0,0.99596,3.16,0.49,10.340000000000002,5,988,Bad
9.7,0.295,0.4,1.5,0.073,14.0,21.0,0.99556,3.14,0.51,11.990000000000002,6,989,Good
7.7,0.39,0.12,1.7,0.0969999999999999,19.0,27.0,0.99596,3.16,0.49,10.340000000000002,5,990,Bad
7.1,0.34,0.28,2.0,0.0819999999999999,31.0,68.0,0.99694,3.45,0.48,10.340000000000002,5,991,Bad
7.1,0.34,0.28,2.0,0.0819999999999999,31.0,68.0,0.99694,3.45,0.48,10.340000000000002,5,993,Bad
7.7,0.6,0.06,2.0,0.079,19.0,41.0,0.99697,3.39,0.62,11.110000000000001,6,995,Good
8.9,0.84,0.34,1.4,0.05,4.0,10.0,0.99554,3.12,0.48,10.01,6,998,Good
6.4,0.69,0.0,1.65,0.055,7.0,12.0,0.99162,3.47,0.53,14.190000000000001,6,999,Good
7.5,0.43,0.3,2.2,0.062,6.0,12.0,0.99495,3.44,0.72,12.65,7,1000,Good
8.2,0.43,0.29,1.6,0.081,27.0,45.0,0.99603,3.25,0.54,11.330000000000002,5,1004,Bad
6.8,0.36,0.32,1.8,0.067,4.0,8.0,0.9928,3.36,0.55,14.080000000000002,7,1005,Good
9.1,0.29,0.33,2.05,0.063,13.0,27.0,0.99516,3.26,0.84,12.870000000000001,7,1006,Good
9.1,0.3,0.34,2.0,0.064,12.0,25.0,0.99516,3.26,0.84,12.870000000000001,7,1007,Good
8.9,0.35,0.4,3.6,0.11,12.0,24.0,0.99549,3.23,0.7,13.200000000000001,7,1008,Good
8.9,0.28,0.45,1.7,0.067,7.0,12.0,0.99354,3.25,0.55,13.530000000000001,7,1010,Good
8.9,0.32,0.31,2.0,0.088,12.0,19.0,0.9957,3.17,0.55,11.440000000000001,6,1011,Good
7.7,1.005,0.15,2.1,0.102,11.0,32.0,0.99604,3.23,0.48,11.0,5,1012,Bad
7.5,0.71,0.0,1.6,0.092,22.0,31.0,0.99635,3.38,0.58,11.0,6,1013,Good
8.0,0.58,0.16,2.0,0.12,3.0,7.0,0.99454,3.22,0.58,12.32,6,1014,Good
8.9,0.38,0.4,2.2,0.068,12.0,28.0,0.99486,3.27,0.75,13.860000000000001,7,1016,Good
8.0,0.18,0.37,0.9,0.049,36.0,109.0,0.99007,2.89,0.44,13.97,6,1018,Good
7.0,0.5,0.14,1.8,0.078,10.0,23.0,0.99636,3.53,0.61,11.440000000000001,5,1019,Bad
11.3,0.36,0.66,2.4,0.123,3.0,8.0,0.99642,3.2,0.53,13.090000000000002,6,1020,Good
11.3,0.36,0.66,2.4,0.123,3.0,8.0,0.99642,3.2,0.53,13.090000000000002,6,1021,Good
7.0,0.51,0.09,2.1,0.062,4.0,9.0,0.99584,3.35,0.54,11.55,5,1022,Bad
8.2,0.32,0.42,2.3,0.098,3.0,9.0,0.99506,3.27,0.55,13.530000000000001,6,1023,Good
7.7,0.58,0.01,1.8,0.088,12.0,18.0,0.99568,3.32,0.56,11.55,7,1024,Good
8.6,0.83,0.0,2.8,0.095,17.0,43.0,0.99822,3.33,0.6,11.440000000000001,6,1025,Good
7.9,0.31,0.32,1.9,0.066,14.0,36.0,0.99364,3.41,0.56,13.860000000000001,6,1026,Good
6.4,0.795,0.0,2.2,0.065,28.0,52.0,0.99378,3.49,0.52,12.76,5,1027,Bad
7.7,0.58,0.01,1.8,0.088,12.0,18.0,0.99568,3.32,0.56,11.55,7,1029,Good
8.1,0.82,0.0,4.1,0.095,5.0,14.0,0.99854,3.36,0.53,10.56,5,1032,Bad
8.9,0.745,0.18,2.5,0.077,15.0,48.0,0.99739,3.2,0.47,10.67,6,1034,Good
10.1,0.37,0.34,2.4,0.085,5.0,17.0,0.99683,3.17,0.65,11.66,7,1035,Good
7.6,0.31,0.34,2.5,0.0819999999999999,26.0,35.0,0.99356,3.22,0.59,13.750000000000002,7,1036,Good
8.7,0.41,0.41,6.2,0.078,25.0,42.0,0.9953,3.24,0.77,13.860000000000001,7,1038,Good
8.9,0.5,0.21,2.2,0.088,21.0,39.0,0.99692,3.33,0.83,12.21,6,1039,Good
6.9,0.49,0.19,1.7,0.079,13.0,26.0,0.99547,3.38,0.64,10.780000000000001,6,1041,Good
6.4,0.39,0.33,3.3,0.046,12.0,53.0,0.99294,3.36,0.62,13.42,6,1044,Good
6.9,0.44,0.0,1.4,0.07,32.0,38.0,0.99438,3.32,0.58,12.540000000000001,6,1045,Good
7.6,0.78,0.0,1.7,0.076,33.0,45.0,0.99612,3.31,0.62,11.77,6,1046,Good
7.1,0.43,0.17,1.8,0.0819999999999999,27.0,51.0,0.99634,3.49,0.64,11.440000000000001,5,1047,Bad
9.3,0.49,0.36,1.7,0.081,3.0,14.0,0.99702,3.27,0.78,11.990000000000002,6,1048,Good
9.3,0.5,0.36,1.8,0.084,6.0,17.0,0.99704,3.27,0.77,11.880000000000003,6,1049,Good
8.5,0.46,0.59,1.4,0.414,16.0,45.0,0.99702,3.03,1.34,10.12,5,1051,Bad
5.6,0.605,0.05,2.4,0.073,19.0,25.0,0.99258,3.56,0.55,14.190000000000001,5,1052,Bad
8.3,0.33,0.42,2.3,0.07,9.0,20.0,0.99426,3.38,0.77,13.97,7,1053,Good
8.2,0.64,0.27,2.0,0.095,5.0,77.0,0.99747,3.13,0.62,10.01,6,1055,Good
8.9,0.48,0.53,4.0,0.1009999999999999,3.0,10.0,0.99586,3.21,0.59,13.31,7,1056,Good
7.6,0.42,0.25,3.9,0.104,28.0,90.0,0.99784,3.15,0.57,10.01,5,1057,Bad
9.9,0.53,0.57,2.4,0.093,30.0,52.0,0.9971,3.19,0.76,12.76,7,1058,Good
8.9,0.48,0.53,4.0,0.1009999999999999,3.0,10.0,0.99586,3.21,0.59,13.31,7,1059,Good
11.6,0.23,0.57,1.8,0.074,3.0,8.0,0.9981,3.14,0.7,10.89,6,1060,Good
9.1,0.4,0.5,1.8,0.071,7.0,16.0,0.99462,3.21,0.69,13.750000000000002,8,1061,Good
8.0,0.38,0.44,1.9,0.098,6.0,15.0,0.9956,3.3,0.64,12.540000000000001,6,1062,Good
10.2,0.29,0.65,2.4,0.075,6.0,17.0,0.99565,3.22,0.63,12.980000000000002,6,1063,Good
8.2,0.74,0.09,2.0,0.067,5.0,10.0,0.99418,3.28,0.57,12.980000000000002,6,1064,Good
7.7,0.61,0.18,2.4,0.083,6.0,20.0,0.9963,3.29,0.6,11.22,6,1065,Good
6.6,0.52,0.08,2.4,0.07,13.0,26.0,0.99358,3.4,0.72,13.750000000000002,7,1066,Good
11.1,0.31,0.53,2.2,0.06,3.0,10.0,0.99572,3.02,0.83,11.990000000000002,7,1067,Good
8.0,0.62,0.35,2.8,0.086,28.0,52.0,0.997,3.31,0.62,11.880000000000003,5,1069,Bad
9.3,0.33,0.45,1.5,0.057,19.0,37.0,0.99498,3.18,0.89,12.21,7,1070,Good
7.5,0.77,0.2,8.1,0.098,30.0,92.0,0.99892,3.2,0.58,10.12,5,1071,Bad
8.0,0.62,0.33,2.7,0.088,16.0,37.0,0.9972,3.31,0.58,11.77,6,1073,Good
9.9,0.32,0.56,2.0,0.073,3.0,8.0,0.99534,3.15,0.73,12.540000000000001,6,1076,Good
8.6,0.37,0.65,6.4,0.08,3.0,8.0,0.99817,3.27,0.58,12.100000000000001,5,1078,Bad
7.9,0.3,0.68,8.3,0.05,37.5,278.0,0.99316,3.01,0.51,13.530000000000001,7,1079,Good
7.9,0.3,0.68,8.3,0.05,37.5,289.0,0.99316,3.01,0.51,13.530000000000001,7,1081,Good
7.2,0.38,0.3,1.8,0.073,31.0,70.0,0.99685,3.42,0.59,10.450000000000001,6,1082,Good
8.7,0.42,0.45,2.4,0.072,32.0,59.0,0.99617,3.33,0.77,13.200000000000001,6,1083,Good
6.8,0.48,0.08,1.8,0.074,40.0,64.0,0.99529,3.12,0.49,10.56,5,1085,Bad
8.5,0.34,0.4,4.7,0.055,3.0,9.0,0.99738,3.38,0.66,12.76,7,1086,Good
7.9,0.19,0.42,1.6,0.057,18.0,30.0,0.994,3.29,0.69,12.32,6,1087,Good
11.6,0.41,0.54,1.5,0.095,22.0,41.0,0.99735,3.02,0.76,10.89,7,1088,Good
11.6,0.41,0.54,1.5,0.095,22.0,41.0,0.99735,3.02,0.76,10.89,7,1089,Good
10.0,0.26,0.54,1.9,0.083,42.0,74.0,0.99451,2.98,0.63,12.980000000000002,8,1090,Good
7.9,0.34,0.42,2.0,0.086,8.0,19.0,0.99546,3.35,0.6,12.540000000000001,6,1091,Good
7.0,0.54,0.09,2.0,0.081,10.0,16.0,0.99479,3.43,0.59,12.65,6,1092,Good
9.2,0.31,0.36,2.2,0.079,11.0,31.0,0.99615,3.33,0.86,13.200000000000001,7,1093,Good
6.6,0.725,0.09,5.5,0.1169999999999999,9.0,17.0,0.99655,3.35,0.49,11.880000000000003,6,1094,Good
6.6,0.725,0.09,5.5,0.1169999999999999,9.0,17.0,0.99655,3.35,0.49,11.880000000000003,6,1096,Good
8.6,0.52,0.38,1.5,0.096,5.0,18.0,0.99666,3.2,0.52,10.340000000000002,5,1099,Bad
8.4,0.34,0.42,2.1,0.072,23.0,36.0,0.99392,3.11,0.78,13.640000000000002,6,1100,Good
7.4,0.49,0.27,2.1,0.071,14.0,25.0,0.99388,3.35,0.63,13.200000000000001,6,1101,Good
7.4,0.49,0.27,2.1,0.071,14.0,25.0,0.99388,3.35,0.63,13.200000000000001,6,1103,Good
8.0,0.48,0.34,2.2,0.073,16.0,25.0,0.9936,3.28,0.66,13.640000000000002,6,1104,Good
6.3,0.57,0.28,2.1,0.048,13.0,49.0,0.99374,3.41,0.6,14.080000000000002,5,1105,Bad
9.1,0.3,0.41,2.0,0.068,10.0,24.0,0.99523,3.27,0.85,12.870000000000001,7,1107,Good
8.1,0.78,0.1,3.3,0.09,4.0,13.0,0.99855,3.36,0.49,10.450000000000001,5,1108,Bad
10.8,0.47,0.43,2.1,0.171,27.0,66.0,0.9982,3.17,0.76,11.880000000000003,6,1109,Good
8.3,0.53,0.0,1.4,0.07,6.0,14.0,0.99593,3.25,0.64,11.0,6,1110,Good
5.4,0.42,0.27,2.0,0.092,23.0,55.0,0.99471,3.78,0.64,13.530000000000001,7,1111,Good
7.9,0.33,0.41,1.5,0.0559999999999999,6.0,35.0,0.99396,3.29,0.71,12.100000000000001,6,1112,Good
5.0,0.4,0.5,4.3,0.046,29.0,80.0,0.9902,3.49,0.66,14.96,6,1114,Good
7.0,0.69,0.07,2.5,0.091,15.0,21.0,0.99572,3.38,0.6,12.430000000000001,6,1115,Good
7.0,0.69,0.07,2.5,0.091,15.0,21.0,0.99572,3.38,0.6,12.430000000000001,6,1116,Good
7.0,0.69,0.07,2.5,0.091,15.0,21.0,0.99572,3.38,0.6,12.430000000000001,6,1117,Good
7.1,0.39,0.12,2.1,0.065,14.0,24.0,0.99252,3.3,0.53,14.630000000000003,6,1118,Good
5.6,0.66,0.0,2.5,0.066,7.0,15.0,0.99256,3.52,0.58,14.190000000000001,5,1119,Bad
7.9,0.54,0.34,2.5,0.076,8.0,17.0,0.99235,3.2,0.72,14.41,8,1120,Good
6.3,0.47,0.0,1.4,0.055,27.0,33.0,0.9922,3.45,0.48,13.530000000000001,6,1122,Good
8.8,0.24,0.35,1.7,0.055,13.0,27.0,0.99394,3.14,0.59,12.430000000000001,7,1125,Good
6.3,0.76,0.0,2.9,0.072,26.0,52.0,0.99379,3.51,0.6,12.65,6,1127,Good
10.0,0.43,0.33,2.7,0.095,28.0,89.0,0.9984,3.22,0.68,11.0,5,1128,Bad
9.1,0.6,0.0,1.9,0.0579999999999999,5.0,10.0,0.9977,3.18,0.63,11.440000000000001,6,1130,Good
7.4,0.36,0.34,1.8,0.075,18.0,38.0,0.9933,3.38,0.88,14.96,7,1132,Good
7.2,0.48,0.07,5.5,0.089,10.0,18.0,0.99684,3.37,0.68,12.32,7,1133,Good
8.5,0.28,0.35,1.7,0.061,6.0,15.0,0.99524,3.3,0.74,12.980000000000002,7,1134,Good
8.0,0.25,0.43,1.7,0.067,22.0,50.0,0.9946,3.38,0.6,13.090000000000002,6,1135,Good
10.4,0.52,0.45,2.0,0.08,6.0,13.0,0.99774,3.22,0.76,12.540000000000001,6,1136,Good
7.5,0.41,0.15,3.7,0.104,29.0,94.0,0.99786,3.14,0.58,10.01,5,1138,Bad
8.2,0.51,0.24,2.0,0.079,16.0,86.0,0.99764,3.34,0.64,10.450000000000001,6,1139,Good
7.3,0.4,0.3,1.7,0.08,33.0,79.0,0.9969,3.41,0.65,10.450000000000001,6,1140,Good
8.2,0.38,0.32,2.5,0.08,24.0,71.0,0.99624,3.27,0.85,12.100000000000001,6,1141,Good
6.9,0.45,0.11,2.4,0.043,6.0,12.0,0.99354,3.3,0.65,12.540000000000001,6,1142,Good
7.0,0.22,0.3,1.8,0.065,16.0,20.0,0.99672,3.61,0.82,11.0,6,1143,Good
7.3,0.32,0.23,2.3,0.066,35.0,70.0,0.99588,3.43,0.62,11.110000000000001,5,1144,Bad
8.2,0.2,0.43,2.5,0.076,31.0,51.0,0.99672,3.53,0.81,11.440000000000001,6,1145,Good
7.8,0.5,0.12,1.8,0.178,6.0,21.0,0.996,3.28,0.87,10.780000000000001,6,1146,Good
10.0,0.41,0.45,6.2,0.071,6.0,14.0,0.99702,3.21,0.49,12.980000000000002,7,1147,Good
7.8,0.39,0.42,2.0,0.086,9.0,21.0,0.99526,3.39,0.66,12.76,6,1148,Good
10.0,0.35,0.47,2.0,0.061,6.0,11.0,0.99585,3.23,0.52,13.200000000000001,6,1149,Good
6.1,0.58,0.23,2.5,0.044,16.0,70.0,0.99352,3.46,0.65,13.750000000000002,6,1151,Good
8.3,0.6,0.25,2.2,0.118,9.0,38.0,0.99616,3.15,0.53,10.780000000000001,5,1152,Bad
9.6,0.42,0.35,2.1,0.083,17.0,38.0,0.99622,3.23,0.66,12.21,6,1153,Good
8.3,0.6,0.25,2.2,0.118,9.0,38.0,0.99616,3.15,0.53,10.780000000000001,5,1155,Bad
8.5,0.18,0.51,1.75,0.071,45.0,88.0,0.99524,3.33,0.76,12.980000000000002,7,1156,Good
5.1,0.51,0.18,2.1,0.042,16.0,101.0,0.9924,3.46,0.87,14.190000000000001,7,1157,Good
8.5,0.32,0.42,2.3,0.075,12.0,19.0,0.99434,3.14,0.71,12.980000000000002,7,1162,Good
9.0,0.785,0.24,1.7,0.078,10.0,21.0,0.99692,3.29,0.67,11.0,5,1164,Bad
8.2,0.33,0.39,2.5,0.074,29.0,48.0,0.99528,3.32,0.88,13.640000000000002,7,1167,Good
6.5,0.34,0.27,2.8,0.067,8.0,44.0,0.99384,3.21,0.56,13.200000000000001,6,1168,Good
7.6,0.5,0.29,2.3,0.086,5.0,14.0,0.99502,3.32,0.62,12.65,6,1169,Good
9.2,0.36,0.34,1.6,0.062,5.0,12.0,0.99667,3.2,0.67,11.55,6,1170,Good
9.7,0.42,0.46,2.1,0.074,5.0,16.0,0.99649,3.27,0.74,13.530000000000001,6,1172,Good
7.6,0.36,0.31,1.7,0.079,26.0,65.0,0.99716,3.46,0.62,10.450000000000001,6,1173,Good
7.6,0.36,0.31,1.7,0.079,26.0,65.0,0.99716,3.46,0.62,10.450000000000001,6,1174,Good
6.5,0.61,0.0,2.2,0.095,48.0,59.0,0.99541,3.61,0.7,12.65,6,1175,Good
6.5,0.88,0.03,5.6,0.079,23.0,47.0,0.99572,3.58,0.5,12.32,4,1176,Bad
5.6,0.915,0.0,2.1,0.0409999999999999,17.0,78.0,0.99346,3.68,0.73,12.540000000000001,5,1178,Bad
8.2,0.35,0.33,2.4,0.076,11.0,47.0,0.99599,3.27,0.81,12.100000000000001,6,1179,Good
9.8,0.39,0.43,1.65,0.068,5.0,11.0,0.99478,3.19,0.46,12.540000000000001,5,1181,Bad
6.8,0.66,0.07,1.6,0.07,16.0,61.0,0.99572,3.29,0.6,10.230000000000002,5,1183,Bad
6.7,0.64,0.23,2.1,0.08,11.0,119.0,0.99538,3.36,0.7,11.990000000000002,5,1184,Bad
6.7,0.64,0.23,2.1,0.08,11.0,119.0,0.99538,3.36,0.7,11.990000000000002,5,1188,Bad
8.8,0.955,0.05,1.8,0.075,5.0,19.0,0.99616,3.3,0.44,10.56,4,1189,Bad
9.1,0.4,0.57,4.6,0.08,6.0,20.0,0.99652,3.28,0.57,13.750000000000002,6,1190,Good
6.5,0.885,0.0,2.3,0.166,6.0,12.0,0.99551,3.56,0.51,11.880000000000003,5,1191,Bad
7.2,0.25,0.37,2.5,0.063,11.0,41.0,0.99439,3.52,0.8,13.640000000000002,7,1192,Good
7.0,0.745,0.12,1.8,0.114,15.0,64.0,0.99588,3.22,0.59,10.450000000000001,6,1194,Good
6.2,0.43,0.22,1.8,0.078,21.0,56.0,0.99633,3.52,0.6,10.450000000000001,6,1195,Good
7.7,0.57,0.21,1.5,0.069,4.0,9.0,0.99458,3.16,0.54,10.780000000000001,6,1197,Good
7.7,0.26,0.26,2.0,0.052,19.0,77.0,0.9951,3.15,0.79,11.990000000000002,6,1198,Good
7.9,0.58,0.23,2.3,0.076,23.0,94.0,0.99686,3.21,0.58,10.450000000000001,6,1199,Good
7.7,0.57,0.21,1.5,0.069,4.0,9.0,0.99458,3.16,0.54,10.780000000000001,6,1200,Good
7.9,0.34,0.36,1.9,0.065,5.0,10.0,0.99419,3.27,0.54,12.32,7,1201,Good
8.6,0.42,0.39,1.8,0.068,6.0,12.0,0.99516,3.35,0.69,12.870000000000001,8,1202,Good
9.9,0.74,0.19,5.8,0.111,33.0,76.0,0.99878,3.14,0.55,10.340000000000002,5,1203,Bad
7.2,0.36,0.46,2.1,0.074,24.0,44.0,0.99534,3.4,0.85,12.100000000000001,7,1204,Good
7.2,0.36,0.46,2.1,0.074,24.0,44.0,0.99534,3.4,0.85,12.100000000000001,7,1206,Good
9.9,0.72,0.55,1.7,0.136,24.0,52.0,0.99752,3.35,0.94,11.0,5,1207,Bad
7.2,0.36,0.46,2.1,0.074,24.0,44.0,0.99534,3.4,0.85,12.100000000000001,7,1208,Good
6.2,0.39,0.43,2.0,0.071,14.0,24.0,0.99428,3.45,0.87,12.32,7,1209,Good
6.8,0.65,0.02,2.1,0.078,8.0,15.0,0.99498,3.35,0.62,11.440000000000001,6,1210,Good
6.8,0.65,0.02,2.1,0.078,8.0,15.0,0.99498,3.35,0.62,11.440000000000001,6,1212,Good
10.2,0.33,0.46,1.9,0.081,6.0,9.0,0.99628,3.1,0.48,11.440000000000001,6,1214,Good
7.9,0.57,0.31,2.0,0.079,10.0,79.0,0.99677,3.29,0.69,10.450000000000001,6,1216,Good
9.0,0.39,0.4,1.3,0.044,25.0,50.0,0.99478,3.2,0.83,11.990000000000002,6,1219,Good
10.9,0.32,0.52,1.8,0.132,17.0,44.0,0.99734,3.28,0.77,12.65,6,1220,Good
10.9,0.32,0.52,1.8,0.132,17.0,44.0,0.99734,3.28,0.77,12.65,6,1221,Good
12.6,0.39,0.49,2.5,0.08,8.0,20.0,0.9992,3.07,0.82,11.330000000000002,6,1224,Good
9.2,0.46,0.23,2.6,0.091,18.0,77.0,0.99922,3.15,0.51,10.340000000000002,5,1225,Bad
7.5,0.58,0.03,4.1,0.08,27.0,46.0,0.99592,3.02,0.47,10.12,5,1226,Bad
9.0,0.58,0.25,2.0,0.104,8.0,21.0,0.99769,3.27,0.72,10.56,5,1227,Bad
5.1,0.42,0.0,1.8,0.044,18.0,88.0,0.99157,3.68,0.73,14.96,7,1228,Good
7.6,0.43,0.29,2.1,0.075,19.0,66.0,0.99718,3.4,0.64,10.450000000000001,5,1229,Bad
7.7,0.18,0.34,2.7,0.066,15.0,58.0,0.9947,3.37,0.78,12.980000000000002,6,1230,Good
7.8,0.815,0.01,2.6,0.074,48.0,90.0,0.99621,3.38,0.62,11.880000000000003,5,1231,Bad
7.6,0.43,0.29,2.1,0.075,19.0,66.0,0.99718,3.4,0.64,10.450000000000001,5,1232,Bad
7.1,0.75,0.01,2.2,0.059,11.0,18.0,0.99242,3.39,0.4,14.080000000000002,6,1234,Good
7.8,0.55,0.0,1.7,0.07,7.0,17.0,0.99659,3.26,0.64,10.340000000000002,6,1236,Good
7.1,0.75,0.01,2.2,0.059,11.0,18.0,0.99242,3.39,0.4,14.080000000000002,6,1237,Good
8.1,0.73,0.0,2.5,0.081,12.0,24.0,0.99798,3.38,0.46,10.56,4,1238,Bad
6.5,0.67,0.0,4.3,0.057,11.0,20.0,0.99488,3.45,0.56,12.980000000000002,4,1239,Bad
7.5,0.61,0.2,1.7,0.076,36.0,60.0,0.99494,3.1,0.4,10.230000000000002,5,1240,Bad
8.3,0.56,0.22,2.4,0.0819999999999999,10.0,86.0,0.9983,3.37,0.62,10.450000000000001,5,1243,Bad
7.4,0.55,0.19,1.8,0.0819999999999999,15.0,34.0,0.99655,3.49,0.68,11.55,5,1245,Bad
7.4,0.74,0.07,1.7,0.086,15.0,48.0,0.99502,3.12,0.48,11.0,5,1246,Bad
7.1,0.6,0.01,2.3,0.079,24.0,37.0,0.99514,3.4,0.61,11.990000000000002,6,1250,Good
7.5,0.58,0.14,2.2,0.077,27.0,60.0,0.9963,3.28,0.59,10.780000000000001,5,1251,Bad
7.1,0.72,0.0,1.8,0.123,6.0,14.0,0.99627,3.45,0.58,10.780000000000001,5,1252,Bad
7.9,0.66,0.0,1.4,0.096,6.0,13.0,0.99569,3.43,0.58,10.450000000000001,5,1253,Bad
7.8,0.7,0.06,1.9,0.079,20.0,35.0,0.99628,3.4,0.69,11.990000000000002,5,1254,Bad
7.5,0.59,0.22,1.8,0.0819999999999999,43.0,60.0,0.99499,3.1,0.42,10.12,5,1256,Bad
7.0,0.58,0.28,4.8,0.085,12.0,69.0,0.99633,3.32,0.7,12.100000000000001,6,1257,Good
6.8,0.64,0.0,2.7,0.123,15.0,33.0,0.99538,3.44,0.63,12.430000000000001,6,1258,Good
8.6,0.635,0.68,1.8,0.4029999999999999,19.0,56.0,0.99632,3.02,1.15,10.230000000000002,5,1260,Bad
6.3,1.02,0.0,2.0,0.083,17.0,24.0,0.99437,3.59,0.55,12.32,4,1261,Bad
9.8,0.45,0.38,2.5,0.081,34.0,66.0,0.99726,3.15,0.58,10.780000000000001,5,1262,Bad
8.5,0.37,0.32,1.8,0.066,26.0,51.0,0.99456,3.38,0.72,12.980000000000002,6,1264,Good
7.2,0.57,0.05,2.3,0.081,16.0,36.0,0.99564,3.38,0.6,11.330000000000002,6,1265,Good
7.2,0.57,0.05,2.3,0.081,16.0,36.0,0.99564,3.38,0.6,11.330000000000002,6,1266,Good
10.4,0.43,0.5,2.3,0.068,13.0,19.0,0.996,3.1,0.87,12.540000000000001,6,1267,Good
6.9,0.41,0.31,2.0,0.079,21.0,51.0,0.99668,3.47,0.55,10.450000000000001,6,1268,Good
5.0,0.38,0.01,1.6,0.048,26.0,60.0,0.99084,3.7,0.75,15.400000000000002,6,1270,Good
7.3,0.44,0.2,1.6,0.049,24.0,64.0,0.9935,3.38,0.57,12.870000000000001,6,1271,Good
5.9,0.46,0.0,1.9,0.077,25.0,44.0,0.99385,3.5,0.53,12.32,5,1272,Bad
7.5,0.58,0.2,2.0,0.073,34.0,44.0,0.99494,3.1,0.43,10.230000000000002,5,1273,Bad
7.8,0.58,0.13,2.1,0.102,17.0,36.0,0.9944,3.24,0.53,12.32,6,1274,Good
8.0,0.715,0.22,2.3,0.075,13.0,81.0,0.99688,3.24,0.54,10.450000000000001,6,1275,Good
8.5,0.4,0.4,6.3,0.05,3.0,10.0,0.99566,3.28,0.56,13.200000000000001,4,1276,Bad
7.0,0.69,0.0,1.9,0.114,3.0,10.0,0.99636,3.35,0.6,10.67,6,1277,Good
8.0,0.715,0.22,2.3,0.075,13.0,81.0,0.99688,3.24,0.54,10.450000000000001,6,1278,Good
9.8,0.3,0.39,1.7,0.062,3.0,9.0,0.9948,3.14,0.57,12.65,7,1279,Good
7.1,0.46,0.2,1.9,0.077,28.0,54.0,0.9956,3.37,0.64,11.440000000000001,6,1280,Good
7.1,0.46,0.2,1.9,0.077,28.0,54.0,0.9956,3.37,0.64,11.440000000000001,6,1281,Good
7.9,0.765,0.0,2.0,0.084,9.0,22.0,0.99619,3.33,0.68,11.990000000000002,6,1282,Good
8.7,0.63,0.28,2.7,0.096,17.0,69.0,0.99734,3.26,0.63,11.22,6,1283,Good
7.0,0.42,0.19,2.3,0.071,18.0,36.0,0.99476,3.39,0.56,11.990000000000002,5,1284,Bad
11.3,0.37,0.5,1.8,0.09,20.0,47.0,0.99734,3.15,0.57,11.55,5,1285,Bad
7.0,0.6,0.3,4.5,0.068,20.0,110.0,0.99914,3.3,1.17,11.22,5,1288,Bad
7.0,0.6,0.3,4.5,0.068,20.0,110.0,0.99914,3.3,1.17,11.22,5,1289,Bad
7.6,0.74,0.0,1.9,0.1,6.0,12.0,0.99521,3.36,0.59,12.100000000000001,5,1290,Bad
8.2,0.635,0.1,2.1,0.073,25.0,60.0,0.99638,3.29,0.75,11.990000000000002,6,1291,Good
5.9,0.395,0.13,2.4,0.0559999999999999,14.0,28.0,0.99362,3.62,0.67,13.640000000000002,6,1292,Good
6.6,0.63,0.0,4.3,0.093,51.0,77.5,0.99558,3.2,0.45,10.450000000000001,5,1296,Bad
7.2,0.53,0.14,2.1,0.064,15.0,29.0,0.99323,3.35,0.61,13.31,6,1297,Good
5.7,0.6,0.0,1.4,0.063,11.0,18.0,0.99191,3.45,0.56,13.42,6,1298,Good
7.6,1.58,0.0,2.1,0.1369999999999999,5.0,9.0,0.99476,3.5,0.4,11.990000000000002,3,1299,Bad
5.2,0.645,0.0,2.15,0.08,15.0,28.0,0.99444,3.78,0.61,13.750000000000002,6,1300,Good
6.7,0.86,0.07,2.0,0.1,20.0,57.0,0.99598,3.6,0.74,12.870000000000001,6,1301,Good
9.1,0.37,0.32,2.1,0.064,4.0,15.0,0.99576,3.3,0.8,12.32,6,1302,Good
7.6,0.79,0.21,2.3,0.087,21.0,68.0,0.9955,3.12,0.44,10.12,5,1304,Bad
7.5,0.61,0.26,1.9,0.073,24.0,88.0,0.99612,3.3,0.53,10.780000000000001,5,1305,Bad
9.7,0.69,0.32,2.5,0.088,22.0,91.0,0.9979,3.29,0.62,11.110000000000001,5,1306,Bad
7.0,0.62,0.1,1.4,0.071,27.0,63.0,0.996,3.28,0.61,10.12,5,1309,Bad
6.5,0.51,0.15,3.0,0.064,12.0,27.0,0.9929,3.33,0.59,14.080000000000002,6,1311,Good
8.0,1.18,0.21,1.9,0.083,14.0,41.0,0.99532,3.34,0.47,11.55,5,1312,Bad
7.5,0.63,0.27,2.0,0.083,17.0,91.0,0.99616,3.26,0.58,10.780000000000001,6,1315,Good
5.4,0.74,0.0,1.2,0.0409999999999999,16.0,46.0,0.99258,4.01,0.59,13.750000000000002,6,1316,Good
9.1,0.76,0.68,1.7,0.414,18.0,64.0,0.99652,2.9,1.33,10.01,6,1319,Good
5.0,0.74,0.0,1.2,0.0409999999999999,16.0,46.0,0.99258,4.01,0.59,13.750000000000002,6,1321,Good
9.1,0.34,0.42,1.8,0.0579999999999999,9.0,18.0,0.99392,3.18,0.55,12.540000000000001,5,1322,Bad
6.7,0.46,0.24,1.7,0.077,18.0,34.0,0.9948,3.39,0.6,11.66,6,1324,Good
6.7,0.46,0.24,1.7,0.077,18.0,34.0,0.9948,3.39,0.6,11.66,6,1325,Good
6.7,0.46,0.24,1.7,0.077,18.0,34.0,0.9948,3.39,0.6,11.66,6,1326,Good
6.7,0.46,0.24,1.7,0.077,18.0,34.0,0.9948,3.39,0.6,11.66,6,1327,Good
6.5,0.52,0.11,1.8,0.073,13.0,38.0,0.9955,3.34,0.52,10.230000000000002,5,1328,Bad
7.4,0.6,0.26,2.1,0.083,17.0,91.0,0.99616,3.29,0.56,10.780000000000001,6,1329,Good
7.4,0.6,0.26,2.1,0.083,17.0,91.0,0.99616,3.29,0.56,10.780000000000001,6,1330,Good
7.8,0.87,0.26,3.8,0.107,31.0,67.0,0.99668,3.26,0.46,10.12,5,1331,Bad
8.4,0.39,0.1,1.7,0.075,6.0,25.0,0.99581,3.09,0.43,10.67,6,1332,Good
9.1,0.775,0.22,2.2,0.079,12.0,48.0,0.9976,3.18,0.51,10.56,5,1333,Bad
7.2,0.835,0.0,2.0,0.166,4.0,11.0,0.99608,3.39,0.52,11.0,5,1334,Bad
6.6,0.58,0.02,2.4,0.069,19.0,40.0,0.99387,3.38,0.66,13.860000000000001,6,1335,Good
6.0,0.5,0.0,1.4,0.057,15.0,26.0,0.99448,3.36,0.45,10.450000000000001,5,1336,Bad
6.0,0.5,0.0,1.4,0.057,15.0,26.0,0.99448,3.36,0.45,10.450000000000001,5,1337,Bad
6.0,0.5,0.0,1.4,0.057,15.0,26.0,0.99448,3.36,0.45,10.450000000000001,5,1338,Bad
7.5,0.51,0.02,1.7,0.084,13.0,31.0,0.99538,3.36,0.54,11.55,6,1339,Good
7.5,0.51,0.02,1.7,0.084,13.0,31.0,0.99538,3.36,0.54,11.55,6,1340,Good
7.5,0.51,0.02,1.7,0.084,13.0,31.0,0.99538,3.36,0.54,11.55,6,1341,Good
7.5,0.51,0.02,1.7,0.084,13.0,31.0,0.99538,3.36,0.54,11.55,6,1343,Good
11.5,0.42,0.48,2.6,0.077,8.0,20.0,0.99852,3.09,0.53,12.100000000000001,5,1344,Bad
8.2,0.44,0.24,2.3,0.063,10.0,28.0,0.99613,3.25,0.53,11.22,6,1345,Good
6.1,0.59,0.01,2.1,0.0559999999999999,5.0,13.0,0.99472,3.52,0.56,12.540000000000001,5,1346,Bad
7.2,0.655,0.03,1.8,0.078,7.0,12.0,0.99587,3.34,0.39,10.450000000000001,5,1347,Bad
7.2,0.62,0.01,2.3,0.065,8.0,46.0,0.99332,3.32,0.51,12.980000000000002,6,1351,Good
7.6,0.645,0.03,1.9,0.086,14.0,57.0,0.9969,3.37,0.46,11.330000000000002,5,1353,Bad
6.1,0.32,0.25,1.8,0.086,5.0,32.0,0.99464,3.36,0.44,11.110000000000001,5,1355,Bad
6.1,0.34,0.25,1.8,0.084,4.0,28.0,0.99464,3.36,0.44,11.110000000000001,5,1356,Bad
7.3,0.43,0.24,2.5,0.078,27.0,67.0,0.99648,3.6,0.59,12.21,6,1357,Good
7.4,0.64,0.17,5.4,0.168,52.0,98.0,0.99736,3.28,0.5,10.450000000000001,5,1358,Bad
11.6,0.475,0.4,1.4,0.091,6.0,28.0,0.99704,3.07,0.65,11.03666666666663,6,1359,Good
8.3,0.85,0.14,2.5,0.093,13.0,54.0,0.99724,3.36,0.54,11.110000000000001,5,1361,Bad
11.6,0.475,0.4,1.4,0.091,6.0,28.0,0.99704,3.07,0.65,11.03666666666663,6,1362,Good
7.2,0.605,0.02,1.9,0.096,10.0,31.0,0.995,3.46,0.53,12.980000000000002,6,1364,Good
7.3,0.74,0.08,1.7,0.094,10.0,45.0,0.99576,3.24,0.5,10.780000000000001,5,1366,Bad
6.9,0.54,0.3,2.2,0.088,9.0,105.0,0.99725,3.25,1.18,11.55,6,1367,Good
8.0,0.77,0.32,2.1,0.079,16.0,74.0,0.99656,3.27,0.5,10.780000000000001,6,1368,Good
8.7,0.78,0.51,1.7,0.415,12.0,66.0,0.99623,3.0,1.17,10.12,5,1370,Bad
7.5,0.58,0.56,3.1,0.153,5.0,14.0,0.99476,3.21,1.03,12.76,6,1371,Good
8.7,0.78,0.51,1.7,0.415,12.0,66.0,0.99623,3.0,1.17,10.12,5,1372,Bad
8.2,0.885,0.2,1.4,0.086,7.0,31.0,0.9946,3.11,0.46,11.0,5,1376,Bad
7.2,0.45,0.15,2.0,0.078,10.0,28.0,0.99609,3.29,0.51,10.89,6,1378,Good
7.5,0.57,0.02,2.6,0.077,11.0,35.0,0.99557,3.36,0.62,11.880000000000003,6,1379,Good
7.5,0.57,0.02,2.6,0.077,11.0,35.0,0.99557,3.36,0.62,11.880000000000003,6,1380,Good
8.0,0.6,0.22,2.1,0.08,25.0,105.0,0.99613,3.3,0.49,10.89,5,1382,Bad
8.0,0.6,0.22,2.1,0.08,25.0,105.0,0.99613,3.3,0.49,10.89,5,1383,Bad
7.1,0.755,0.15,1.8,0.107,20.0,84.0,0.99593,3.19,0.5,10.450000000000001,5,1384,Bad
8.0,0.81,0.25,3.4,0.076,34.0,85.0,0.99668,3.19,0.42,10.12,5,1385,Bad
7.4,0.64,0.07,1.8,0.1,8.0,23.0,0.9961,3.3,0.58,10.56,5,1386,Bad
6.6,0.64,0.31,6.1,0.083,7.0,49.0,0.99718,3.35,0.68,11.330000000000002,5,1388,Bad
6.0,0.49,0.0,2.3,0.068,15.0,33.0,0.99292,3.58,0.59,13.750000000000002,6,1390,Good
8.0,0.64,0.22,2.4,0.094,5.0,33.0,0.99612,3.37,0.58,12.100000000000001,5,1391,Bad
7.1,0.62,0.06,1.3,0.07,5.0,12.0,0.9942,3.17,0.48,10.780000000000001,5,1392,Bad
8.0,0.52,0.25,2.0,0.078,19.0,59.0,0.99612,3.3,0.48,11.22,5,1393,Bad
8.6,0.685,0.1,1.6,0.092,3.0,12.0,0.99745,3.31,0.65,10.505,6,1395,Good
8.7,0.675,0.1,1.6,0.09,4.0,11.0,0.99745,3.31,0.65,10.505,5,1396,Bad
7.3,0.59,0.26,2.0,0.08,17.0,104.0,0.99584,3.28,0.52,10.89,5,1397,Bad
7.2,0.67,0.0,2.2,0.068,10.0,24.0,0.9956,3.42,0.72,12.21,6,1399,Good
7.9,0.69,0.21,2.1,0.08,33.0,141.0,0.9962,3.25,0.51,10.89,5,1400,Bad
7.6,0.3,0.42,2.0,0.052,6.0,24.0,0.9963,3.44,0.82,13.090000000000002,6,1402,Good
7.2,0.33,0.33,1.7,0.061,3.0,13.0,0.996,3.23,1.1,11.0,8,1403,Good
8.0,0.5,0.39,2.6,0.0819999999999999,12.0,46.0,0.9985,3.43,0.62,11.77,6,1404,Good
8.2,0.24,0.34,5.1,0.062,8.0,22.0,0.9974,3.22,0.94,11.990000000000002,6,1406,Good
6.0,0.51,0.0,2.1,0.064,40.0,54.0,0.995,3.54,0.93,11.77,6,1407,Good
8.1,0.29,0.36,2.2,0.048,35.0,53.0,0.995,3.27,1.01,13.640000000000002,7,1408,Good
6.0,0.51,0.0,2.1,0.064,40.0,54.0,0.995,3.54,0.93,11.77,6,1409,Good
6.6,0.96,0.0,1.8,0.0819999999999999,5.0,16.0,0.9936,3.5,0.44,13.090000000000002,6,1410,Good
6.4,0.47,0.4,2.4,0.071,8.0,19.0,0.9963,3.56,0.73,11.66,6,1411,Good
8.2,0.24,0.34,5.1,0.062,8.0,22.0,0.9974,3.22,0.94,11.990000000000002,6,1412,Good
9.9,0.57,0.25,2.0,0.104,12.0,89.0,0.9963,3.04,0.9,11.110000000000001,5,1413,Bad
10.0,0.32,0.59,2.2,0.077,3.0,15.0,0.9994,3.2,0.78,10.56,5,1414,Bad
6.2,0.58,0.0,1.6,0.065,8.0,18.0,0.9966,3.56,0.84,10.340000000000002,5,1415,Bad
10.0,0.32,0.59,2.2,0.077,3.0,15.0,0.9994,3.2,0.78,10.56,5,1416,Bad
7.3,0.34,0.33,2.5,0.064,21.0,37.0,0.9952,3.35,0.77,13.31,7,1417,Good
7.8,0.53,0.01,1.6,0.077,3.0,19.0,0.995,3.16,0.46,10.780000000000001,5,1418,Bad
7.7,0.64,0.21,2.2,0.077,32.0,133.0,0.9956,3.27,0.45,10.89,5,1419,Bad
7.8,0.53,0.01,1.6,0.077,3.0,19.0,0.995,3.16,0.46,10.780000000000001,5,1420,Bad
7.5,0.4,0.18,1.6,0.079,24.0,58.0,0.9965,3.34,0.58,10.340000000000002,5,1421,Bad
7.0,0.54,0.0,2.1,0.079,39.0,55.0,0.9956,3.39,0.84,12.540000000000001,6,1422,Good
6.4,0.53,0.09,3.9,0.123,14.0,31.0,0.9968,3.5,0.67,12.100000000000001,4,1423,Bad
7.6,0.41,0.33,2.5,0.078,6.0,23.0,0.9957,3.3,0.58,12.32,5,1427,Bad
7.8,0.64,0.0,1.9,0.072,27.0,55.0,0.9962,3.31,0.63,12.100000000000001,5,1428,Bad
7.9,0.18,0.4,2.2,0.049,38.0,67.0,0.996,3.33,0.93,12.430000000000001,5,1429,Bad
7.4,0.41,0.24,1.8,0.066,18.0,47.0,0.9956,3.37,0.62,11.440000000000001,5,1430,Bad
7.6,0.43,0.31,2.1,0.069,13.0,74.0,0.9958,3.26,0.54,10.89,6,1431,Good
6.1,0.4,0.16,1.8,0.069,11.0,25.0,0.9955,3.42,0.74,11.110000000000001,7,1433,Good
10.2,0.54,0.37,15.4,0.214,55.0,95.0,1.00369,3.18,0.77,9.9,6,1434,Good
10.0,0.38,0.38,1.6,0.1689999999999999,27.0,90.0,0.99914,3.15,0.65,9.350000000000001,5,1436,Bad
6.8,0.915,0.29,4.8,0.07,15.0,39.0,0.99577,3.53,0.54,12.21,5,1437,Bad
7.0,0.59,0.0,1.7,0.052,3.0,8.0,0.996,3.41,0.47,11.330000000000002,5,1438,Bad
7.3,0.67,0.02,2.2,0.072,31.0,92.0,0.99566,3.32,0.68,12.17333333333337,6,1439,Good
6.9,0.58,0.2,1.75,0.0579999999999999,8.0,22.0,0.99322,3.38,0.49,12.870000000000001,5,1443,Bad
7.4,0.785,0.19,5.2,0.094,19.0,98.0,0.99713,3.16,0.52,10.56,6,1445,Good
6.8,0.67,0.0,1.9,0.08,22.0,39.0,0.99701,3.4,0.74,10.67,5,1447,Bad
7.2,0.38,0.31,2.0,0.0559999999999999,15.0,29.0,0.99472,3.23,0.76,12.430000000000001,8,1449,Good
7.2,0.37,0.32,2.0,0.062,15.0,28.0,0.9947,3.23,0.73,12.430000000000001,7,1450,Good
7.8,0.32,0.44,2.7,0.104,8.0,17.0,0.99732,3.33,0.78,12.100000000000001,7,1451,Good
6.6,0.58,0.02,2.0,0.062,37.0,53.0,0.99374,3.35,0.76,12.76,7,1452,Good
11.7,0.45,0.63,2.2,0.073,7.0,23.0,0.99974,3.21,0.69,11.990000000000002,6,1454,Good
6.5,0.9,0.0,1.6,0.052,9.0,17.0,0.99467,3.5,0.63,11.990000000000002,6,1455,Good
7.6,0.49,0.33,1.9,0.074,27.0,85.0,0.99706,3.41,0.58,9.9,5,1457,Bad
8.4,0.29,0.4,1.7,0.067,8.0,20.0,0.99603,3.39,0.6,11.55,5,1458,Bad
7.9,0.2,0.35,1.7,0.054,7.0,15.0,0.99458,3.32,0.8,13.090000000000002,7,1459,Good
6.4,0.42,0.09,2.3,0.054,34.0,64.0,0.99724,3.41,0.68,11.440000000000001,6,1460,Good
6.2,0.785,0.0,2.1,0.06,6.0,13.0,0.99664,3.59,0.61,11.0,4,1461,Bad
6.9,0.63,0.01,2.4,0.076,14.0,39.0,0.99522,3.34,0.53,11.880000000000003,6,1463,Good
6.8,0.59,0.1,1.7,0.063,34.0,53.0,0.9958,3.41,0.67,10.67,5,1464,Bad
7.3,0.48,0.32,2.1,0.062,31.0,54.0,0.99728,3.3,0.65,11.0,7,1466,Good
6.7,1.04,0.08,2.3,0.067,19.0,32.0,0.99648,3.52,0.57,12.100000000000001,4,1467,Bad
7.3,0.48,0.32,2.1,0.062,31.0,54.0,0.99728,3.3,0.65,11.0,7,1468,Good
7.3,0.98,0.05,2.1,0.061,20.0,49.0,0.99705,3.31,0.55,10.67,3,1469,Bad
10.0,0.69,0.11,1.4,0.084,8.0,24.0,0.99578,2.88,0.47,10.67,5,1470,Bad
6.7,0.7,0.08,3.75,0.067,8.0,16.0,0.99334,3.43,0.52,13.860000000000001,5,1471,Bad
7.6,0.35,0.6,2.6,0.073,23.0,44.0,0.99656,3.38,0.79,12.21,6,1472,Good
6.1,0.6,0.08,1.8,0.071,14.0,45.0,0.99336,3.38,0.54,12.100000000000001,5,1473,Bad
9.9,0.5,0.5,13.8,0.205,48.0,82.0,1.00242,3.16,0.75,9.680000000000001,5,1474,Bad
5.3,0.47,0.11,2.2,0.048,16.0,89.0,0.99182,3.54,0.88,14.92333333333337,7,1475,Good
9.9,0.5,0.5,13.8,0.205,48.0,82.0,1.00242,3.16,0.75,9.680000000000001,5,1476,Bad
5.3,0.47,0.11,2.2,0.048,16.0,89.0,0.99182,3.54,0.88,14.96,7,1477,Good
7.1,0.875,0.05,5.7,0.0819999999999999,3.0,14.0,0.99808,3.4,0.52,11.22,3,1478,Bad
8.2,0.28,0.6,3.0,0.104,10.0,22.0,0.99828,3.39,0.68,11.66,5,1479,Bad
5.6,0.62,0.03,1.5,0.08,6.0,13.0,0.99498,3.66,0.62,11.110000000000001,4,1480,Bad
8.2,0.28,0.6,3.0,0.104,10.0,22.0,0.99828,3.39,0.68,11.66,5,1481,Bad
8.1,0.33,0.44,1.5,0.042,6.0,12.0,0.99542,3.35,0.61,11.77,5,1483,Bad
7.0,0.655,0.16,2.1,0.074,8.0,25.0,0.99606,3.37,0.55,10.67,5,1485,Bad
6.8,0.68,0.21,2.1,0.07,9.0,23.0,0.99546,3.38,0.6,11.330000000000002,5,1486,Bad
6.0,0.64,0.05,1.9,0.066,9.0,17.0,0.99496,3.52,0.78,11.66,5,1487,Bad
5.6,0.54,0.04,1.7,0.049,5.0,13.0,0.9942,3.72,0.58,12.540000000000001,5,1488,Bad
7.1,0.22,0.49,1.8,0.039,8.0,18.0,0.99344,3.39,0.56,13.640000000000002,6,1490,Good
6.2,0.65,0.06,1.6,0.05,6.0,18.0,0.99348,3.57,0.54,13.145,5,1492,Bad
7.7,0.54,0.26,1.9,0.089,23.0,147.0,0.99636,3.26,0.59,10.67,5,1493,Bad
6.4,0.31,0.09,1.4,0.066,15.0,28.0,0.99459,3.42,0.7,11.0,7,1494,Good
7.0,0.43,0.02,1.9,0.08,15.0,28.0,0.99492,3.35,0.81,11.66,6,1495,Good
6.9,0.74,0.03,2.3,0.054,7.0,16.0,0.99508,3.45,0.63,12.65,6,1497,Good
6.9,0.74,0.03,2.3,0.054,7.0,16.0,0.99508,3.45,0.63,12.65,6,1499,Good
7.8,0.82,0.29,4.3,0.083,21.0,64.0,0.99642,3.16,0.53,10.340000000000002,5,1501,Bad
6.2,0.44,0.39,2.5,0.077,6.0,14.0,0.99555,3.51,0.69,12.100000000000001,6,1503,Good
7.5,0.38,0.57,2.3,0.106,5.0,12.0,0.99605,3.36,0.55,12.540000000000001,6,1504,Good
6.7,0.76,0.02,1.8,0.078,6.0,12.0,0.996,3.55,0.63,10.945,3,1505,Bad
6.8,0.81,0.05,2.0,0.07,6.0,14.0,0.99562,3.51,0.66,11.880000000000003,6,1506,Good
7.5,0.38,0.57,2.3,0.106,5.0,12.0,0.99605,3.36,0.55,12.540000000000001,6,1507,Good
7.1,0.27,0.6,2.1,0.074,17.0,25.0,0.99814,3.38,0.72,11.66,6,1508,Good
7.9,0.18,0.4,1.8,0.062,7.0,20.0,0.9941,3.28,0.7,12.21,5,1509,Bad
6.4,0.36,0.21,2.2,0.047,26.0,48.0,0.99661,3.47,0.77,10.67,6,1510,Good
7.1,0.69,0.04,2.1,0.068,19.0,27.0,0.99712,3.44,0.67,10.780000000000001,5,1511,Bad
6.9,0.84,0.21,4.1,0.074,16.0,65.0,0.99842,3.53,0.72,10.156666666666665,6,1514,Good
6.9,0.84,0.21,4.1,0.074,16.0,65.0,0.99842,3.53,0.72,10.175,6,1515,Good
6.5,0.53,0.06,2.0,0.063,29.0,44.0,0.99489,3.38,0.83,11.330000000000002,6,1517,Good
7.4,0.47,0.46,2.2,0.114,7.0,20.0,0.99647,3.32,0.63,11.55,5,1518,Bad
6.6,0.7,0.08,2.6,0.106,14.0,27.0,0.99665,3.44,0.58,11.22,5,1519,Bad
6.1,0.32,0.25,2.3,0.071,23.0,58.0,0.99633,3.42,0.97,11.66,5,1522,Bad
6.8,0.48,0.25,2.0,0.076,29.0,61.0,0.9953,3.34,0.6,11.440000000000001,5,1523,Bad
6.7,0.48,0.08,2.1,0.064,18.0,34.0,0.99552,3.33,0.64,10.67,5,1525,Bad
6.8,0.47,0.08,2.2,0.064,18.0,38.0,0.99553,3.3,0.65,10.56,6,1526,Good
7.9,0.29,0.49,2.2,0.096,21.0,59.0,0.99714,3.31,0.67,11.110000000000001,6,1528,Good
7.1,0.69,0.08,2.1,0.063,42.0,52.0,0.99608,3.42,0.6,11.22,6,1529,Good
6.6,0.44,0.09,2.2,0.063,9.0,18.0,0.99444,3.42,0.69,12.430000000000001,6,1530,Good
6.1,0.705,0.1,2.8,0.081,13.0,28.0,0.99631,3.6,0.66,11.22,5,1531,Bad
7.2,0.53,0.13,2.0,0.0579999999999999,18.0,22.0,0.99573,3.21,0.68,10.89,6,1532,Good
8.0,0.39,0.3,1.9,0.074,32.0,84.0,0.99717,3.39,0.61,9.9,5,1533,Bad
6.6,0.56,0.14,2.4,0.064,13.0,29.0,0.99397,3.42,0.62,12.870000000000001,7,1534,Good
7.0,0.55,0.13,2.2,0.075,15.0,35.0,0.9959,3.36,0.59,10.67,6,1535,Good
6.2,0.64,0.09,2.5,0.081,15.0,26.0,0.99538,3.57,0.63,13.200000000000001,5,1538,Bad
6.2,0.52,0.08,4.4,0.071,11.0,32.0,0.99646,3.56,0.63,12.76,6,1540,Good
8.4,0.37,0.43,2.3,0.063,12.0,19.0,0.9955,3.17,0.81,12.32,7,1544,Good
6.5,0.63,0.33,1.8,0.059,16.0,28.0,0.99531,3.36,0.64,11.110000000000001,6,1545,Good
7.0,0.57,0.02,2.0,0.072,17.0,26.0,0.99575,3.36,0.61,11.22,5,1546,Bad
11.2,0.4,0.5,2.0,0.099,19.0,50.0,0.99783,3.1,0.58,11.440000000000001,5,1548,Bad
7.4,0.36,0.3,1.8,0.074,17.0,24.0,0.99419,3.24,0.7,12.540000000000001,8,1549,Good
7.1,0.67,0.0,2.3,0.083,18.0,27.0,0.99768,3.44,0.54,10.340000000000002,5,1551,Bad
6.3,0.68,0.01,3.7,0.103,32.0,54.0,0.99586,3.51,0.66,12.430000000000001,6,1552,Good
7.3,0.735,0.0,2.2,0.08,18.0,28.0,0.99765,3.41,0.6,10.340000000000002,5,1553,Bad
7.0,0.56,0.17,1.7,0.065,15.0,24.0,0.99514,3.44,0.68,11.605000000000002,7,1555,Good
6.6,0.88,0.04,2.2,0.066,12.0,20.0,0.99636,3.53,0.56,10.89,5,1556,Bad
6.6,0.855,0.02,2.4,0.062,15.0,23.0,0.99627,3.54,0.6,12.100000000000001,6,1557,Good
6.9,0.63,0.33,6.7,0.235,66.0,115.0,0.99787,3.22,0.56,10.450000000000001,5,1558,Bad
7.8,0.6,0.26,2.0,0.08,31.0,131.0,0.99622,3.21,0.52,10.89,5,1559,Bad
7.8,0.6,0.26,2.0,0.08,31.0,131.0,0.99622,3.21,0.52,10.89,5,1560,Bad
7.8,0.6,0.26,2.0,0.08,31.0,131.0,0.99622,3.21,0.52,10.89,5,1561,Bad
7.2,0.695,0.13,2.0,0.076,12.0,20.0,0.99546,3.29,0.54,11.110000000000001,5,1562,Bad
7.2,0.695,0.13,2.0,0.076,12.0,20.0,0.99546,3.29,0.54,11.110000000000001,5,1563,Bad
6.7,0.67,0.02,1.9,0.061,26.0,42.0,0.99489,3.39,0.82,11.990000000000002,6,1565,Good
6.7,0.16,0.64,2.1,0.059,24.0,52.0,0.99494,3.34,0.71,12.32,6,1566,Good
7.2,0.695,0.13,2.0,0.076,12.0,20.0,0.99546,3.29,0.54,11.110000000000001,5,1567,Bad
7.0,0.56,0.13,1.6,0.077,25.0,42.0,0.99629,3.34,0.59,10.12,5,1568,Bad
6.2,0.51,0.14,1.9,0.0559999999999999,15.0,34.0,0.99396,3.48,0.57,12.65,6,1569,Good
6.4,0.36,0.53,2.2,0.23,19.0,35.0,0.9934,3.37,0.93,13.640000000000002,6,1570,Good
6.4,0.38,0.14,2.2,0.038,15.0,25.0,0.99514,3.44,0.65,12.21,6,1571,Good
7.3,0.69,0.32,2.2,0.069,35.0,104.0,0.99632,3.33,0.51,10.450000000000001,5,1572,Bad
6.0,0.58,0.2,2.4,0.075,15.0,50.0,0.99467,3.58,0.67,13.750000000000002,6,1573,Good
7.5,0.52,0.4,2.2,0.06,12.0,20.0,0.99474,3.26,0.64,12.980000000000002,6,1575,Good
8.0,0.3,0.63,1.6,0.081,16.0,29.0,0.99588,3.3,0.78,11.880000000000003,6,1576,Good
6.2,0.7,0.15,5.1,0.076,13.0,27.0,0.99622,3.54,0.6,13.090000000000002,6,1577,Good
6.8,0.67,0.15,1.8,0.118,13.0,20.0,0.9954,3.42,0.67,12.430000000000001,6,1578,Good
7.4,0.35,0.33,2.4,0.068,9.0,26.0,0.9947,3.36,0.6,13.090000000000002,6,1580,Good
6.1,0.715,0.1,2.6,0.053,13.0,27.0,0.99362,3.57,0.5,13.090000000000002,5,1582,Bad
6.2,0.46,0.29,2.1,0.074,32.0,98.0,0.99578,3.33,0.62,10.780000000000001,5,1583,Bad
6.7,0.32,0.44,2.4,0.061,24.0,34.0,0.99484,3.29,0.8,12.76,7,1584,Good
7.5,0.31,0.41,2.4,0.065,34.0,60.0,0.99492,3.34,0.85,12.540000000000001,6,1586,Good
5.8,0.61,0.11,1.8,0.066,18.0,28.0,0.99483,3.55,0.66,11.990000000000002,6,1587,Good
6.3,0.55,0.15,1.8,0.077,26.0,35.0,0.99314,3.32,0.82,12.76,6,1590,Good
5.4,0.74,0.09,1.7,0.089,16.0,26.0,0.99402,3.67,0.56,12.76,6,1591,Good
6.3,0.51,0.13,2.3,0.076,29.0,40.0,0.99574,3.42,0.75,12.100000000000001,6,1592,Good
6.8,0.62,0.08,1.9,0.068,28.0,38.0,0.99651,3.42,0.82,10.450000000000001,6,1593,Good
6.2,0.6,0.08,2.0,0.09,32.0,44.0,0.9949,3.45,0.58,11.55,5,1594,Bad
5.9,0.55,0.1,2.2,0.062,39.0,51.0,0.99512,3.52,0.76,12.32,6,1595,Good
5.9,0.645,0.12,2.0,0.075,32.0,44.0,0.99547,3.57,0.71,11.22,5,1597,Bad
